Address,Opcode,Executed,Taken,Offset,Size,Flag_Write_PC,Flag_Instr_Opcode,Same_BBL,Routine_Type,Regs_Read,Regs_Write,Prev_Op_1,Prev_Size_1,Prev_Op_2,Prev_Size_2,Prev_Op_3,Prev_Size_3,Prev_Op_4,Prev_Size_4,Prev_Op_5,Prev_Size_5,Next_Op_1,Next_Size_1,Next_Op_2,Next_Size_2,Next_Op_3,Next_Size_3,Next_Op_4,Next_Size_4,Next_Op_5,Next_Size_5,br_is_loop_header,t_dominates,t_post_dominates,t_is_loop_head,t_is_backedge,t_successor_ends,t_is_loop_exit,t_has_call,f_dominates,f_post_dominates,f_is_loop_head,f_is_backedge,f_successor_ends,f_is_loop_exit,f_has_call,branch_bb_addr,taken_bb_addr,fall_bb_addr,taken_ubd,fall_ubd,taken_store,fall_store,Language,weight,rate,y,predicted,actual
0x407224,JNZ,1,0,-20,2,0x407221,CMP,1,NonLeaf,rbx(ADD) rbp(-1) ,rflags ,CMP,3,ADD,4,CALL_NEAR,4,MOV,3,MOV,3,ADD,4,POP,1,POP,1,POP,2,POP,2,0,0,0,1,1,CALL,0,1,0,1,0,0,RET,1,0,4223517,4223504,4223526,0,0,1,0,c,1.9086333818032434e-10,0.0,0,1,0
0x407206,JZ,1,0,32,2,0x407203,TEST,1,NonLeaf,rbp(-1) rbp(-1) ,rflags ,TEST,3,CALL_NEAR,5,SUB,4,SAR,4,XOR,2,NOP,8,MOV,3,MOV,3,MOV,3,CALL_NEAR,4,0,1,1,0,0,RET,0,0,1,0,0,0,NOP,0,0,4223491,4223526,4223496,0,0,0,0,c,1.9086333818032434e-10,0.0,0,0,0
0x406d82,JNZ,102689247,0,46,2,0x406d80,TEST,1,Recursive,esi(MOV) esi(MOV) ,rflags ,TEST,2,MOV,4,JNBE,6,MOV,3,CMP,3,MOV,3,MOV,3,MOV,3,MOV,3,MOV,5,0,1,0,0,0,JNE,0,0,1,0,0,0,MOV,0,0,4222332,4222384,4222340,0,0,0,1,c,0.0195996124776438,0.0,0,0,0
0x406d76,JNBE,102689247,0,-7990,6,0x406d70,CMP,1,Recursive,rbx(-1) r14(-1) ,rflags ,MOV,3,CMP,3,NOP,9,JMP,5,CMOVS,4,MOV,4,TEST,2,JNZ,2,MOV,3,MOV,3,0,0,1,0,0,JE,1,0,1,0,0,0,JNE,0,0,4222320,4214336,4222332,0,0,0,0,c,0.0195996124776438,0.0,0,0,0
0x406643,JB,27775061,18444035,-136,6,0x40663e,CMP,1,Recursive,rsp(-1) rax(MOV) ,rflags ,CMP,5,MOV,5,ADD,5,MOV,5,JNBE,2,JMP,5,NOP,2,CMP,4,JZ,6,CMP,5,0,0,0,1,1,JBE,0,0,1,1,0,0,JMP,1,0,4220463,4220347,4220489,0,0,0,0,c,0.0053012408606221,0.6640502067664226,1,1,1
0x40660b,JZ,31891628,31891628,-51,2,0x406608,TEST,1,Recursive,r12d(-1) r12d(-1) ,rflags ,TEST,3,JLE,2,TEST,2,CALL_NEAR,3,MOV,3,MOV,4,TEST,2,JNZ,2,MOV,3,MOV,4,0,1,0,0,0,MOV,0,0,1,0,0,0,JNE,0,0,4220424,4220376,4220429,0,0,1,0,c,0.0060869425800851,1.0,1,0,1
0x406606,JLE,50008389,18116761,41,2,0x406604,TEST,1,Recursive,eax(-1) eax(-1) ,rflags ,TEST,2,CALL_NEAR,3,MOV,3,MOV,3,LEA,4,TEST,3,JZ,2,MOV,4,TEST,2,JNZ,2,0,0,1,0,0,JB,1,0,1,0,0,0,JE,0,0,4220420,4220463,4220424,0,0,1,0,c,0.0095447680615602,0.3622744375948603,0,0,0
0x4065f2,JBE,31891628,9658300,61,2,0x4065ed,CMP,1,Recursive,rbp(-1) rsp(-1) ,rflags ,CMP,5,SUB,5,MOV,4,MOV,4,MOV,4,MOV,3,LEA,4,MOV,3,MOV,3,CALL_NEAR,3,0,0,1,0,0,JB,1,0,0,0,0,0,MOV,0,0,4220392,4220463,4220404,0,0,1,0,c,0.0060869425800851,0.3028475059347864,0,0,0
0x4065c8,JBE,27775061,0,103,2,0x4065c5,CMP,1,Recursive,rax(MOV) rdx(MOV) ,rflags ,CMP,3,MOV,5,MOV,5,MOV,3,MOV,5,LEA,4,MOV,3,JMP,2,NOP,5,MOV,4,1,1,1,0,0,JB,0,0,1,0,0,0,JMP,0,0,4220347,4220463,4220362,0,0,1,0,c,0.0053012408606221,0.0,0,1,0
0x4065a5,JNB,9331030,4,-4338,6,0x40659d,CMP,1,Recursive,rcx(LEA) rdx(LEA) ,rflags ,MOV,5,CMP,3,LEA,5,MOV,5,LEA,5,NEG,3,MOV,5,MOV,5,MOV,3,MOV,5,0,0,1,0,0,RET,1,0,1,0,0,0,MOV,0,0,4220288,4215987,4220331,0,0,0,1,c,0.0017809515344607,4.2867721998536075e-07,0,0,0
0x4061f1,JNBE,12429290,11315866,-132,6,0x4061ec,CMP,1,Recursive,rsp(-1) rax(MOV) ,rflags ,CMP,5,MOV,8,ADD,8,MOV,5,JNBE,2,JMP,5,NOP,4,CMP,4,JZ,6,CMP,5,0,0,0,1,1,JBE,0,0,1,1,0,0,JMP,1,0,4219351,4219245,4219383,0,0,0,0,c,0.0023722957806113,0.910419340123209,1,1,1
0x4061b3,JZ,30808897,30808897,-51,2,0x4061b0,TEST,1,Recursive,r12d(-1) r12d(-1) ,rflags ,TEST,3,JLE,2,TEST,2,CALL_NEAR,3,MOV,3,MOV,4,TEST,2,JNZ,2,MOV,4,MOV,3,0,1,0,0,0,MOV,0,0,1,0,0,0,JNE,0,0,4219312,4219264,4219317,0,0,1,0,c,0.0058802889270737,1.0,1,0,1
0x4061ae,JLE,40222720,9413823,41,2,0x4061ac,TEST,1,Recursive,eax(-1) eax(-1) ,rflags ,TEST,2,CALL_NEAR,3,MOV,3,MOV,3,LEA,4,TEST,3,JZ,2,MOV,4,TEST,2,JNZ,2,0,0,1,0,0,JA,1,0,1,0,0,0,JE,0,0,4219308,4219351,4219312,0,0,1,0,c,0.0076770426098924,0.2340424267677571,0,0,0
0x40619a,JBE,30808897,3015467,61,2,0x406195,CMP,1,Recursive,r13(-1) rsp(-1) ,rflags ,CMP,5,SUB,5,MOV,4,MOV,4,MOV,4,MOV,3,LEA,4,MOV,3,MOV,3,CALL_NEAR,3,0,0,1,0,0,JA,1,0,0,0,0,0,MOV,0,0,4219280,4219351,4219292,0,0,1,0,c,0.0058802889270737,0.0978764997656358,0,0,0
0x406175,JBE,12429290,0,98,2,0x406172,CMP,1,Recursive,rax(-1) rcx(MOV) ,rflags ,CMP,3,MOV,5,MOV,5,NEG,3,MOV,5,LEA,4,MOV,3,JMP,2,MOV,4,MOV,4,1,1,1,0,0,JA,0,0,1,0,0,0,JMP,0,0,4219245,4219351,4219255,0,0,1,0,c,0.0023722957806113,0.0,0,1,0
0x406152,JBE,1113424,0,-3231,6,0x406145,CMP,1,Recursive,rax(LEA) rsp(-1) ,rflags ,MOV,5,CMP,8,LEA,5,IMUL,4,MOV,5,MOV,8,MOV,5,NEG,3,MOV,5,MOV,5,0,0,1,0,0,RET,1,0,1,0,0,0,MOV,0,0,4219186,4215987,4219224,1,0,0,1,c,0.00021251182145,0.0,0,0,0
0x405e85,JS,1149799,521801,-1597,6,0x405e83,TEST,1,Recursive,eax(-1) eax(-1) ,rflags ,TEST,2,CALL_NEAR,3,JMP,5,CMOVS,4,TEST,2,MOV,3,MOV,3,MOV,3,CALL_NEAR,3,TEST,2,0,0,1,0,0,CALL,0,1,1,0,0,0,CALL,0,1,4218499,4216904,4218507,0,0,1,1,c,0.0002194544753763,0.4538193197245779,0,0,0
0x405e5e,JS,1252628,630043,-1492,6,0x405e5c,TEST,1,Recursive,eax(-1) eax(-1) ,rflags ,TEST,2,CALL_NEAR,3,JMP,5,CMOVS,6,TEST,2,MOV,8,MOV,3,MOV,3,CALL_NEAR,3,TEST,2,0,0,1,0,0,CALL,0,1,1,0,0,0,CALL,0,1,4218460,4216970,4218468,0,0,1,1,c,0.0002390807615781,0.5029769412786558,1,0,1
0x405e36,JS,1191909,496755,-2606,6,0x405e34,TEST,1,Recursive,eax(-1) eax(-1) ,rflags ,TEST,2,CALL_NEAR,3,JMP,5,MOV,4,MOV,4,MOV,5,MOV,5,MOV,3,CALL_NEAR,3,TEST,2,0,0,1,0,0,CALL,0,1,1,0,0,0,CALL,0,1,4218420,4215816,4218428,0,0,1,1,c,0.0002274917305471,0.4167725891825634,0,0,0
0x4059d6,JNLE,11492446,0,-29,2,0x4059cb,TEST,1,Recursive,r9(SUB) r9(SUB) ,rflags ,MOV,4,MOV,4,TEST,3,ADD,4,ADD,4,JMP,5,CMP,5,JZ,6,MOV,5,LEA,4,1,1,1,1,1,JG,0,0,1,1,0,0,JMP,0,0,4217273,4217273,4217304,1,0,1,0,c,0.0021934866074171,0.0,0,1,0
0x4058c2,JNLE,1053426,412035,-1210,6,0x4058c0,TEST,1,Recursive,eax(-1) eax(-1) ,rflags ,TEST,2,CALL_NEAR,3,JS,6,MOV,3,MOV,5,MOV,5,MOV,5,MOV,3,CALL_NEAR,3,TEST,2,0,0,1,0,0,CALL,0,1,1,0,0,0,CALL,0,1,4217024,4215816,4217032,0,0,1,1,c,0.0002010604028859,0.3911380581075462,0,0,0
0x4058b7,JS,2245335,1191909,1402,6,0x4058ad,TEST,1,Recursive,eax(-1) eax(-1) ,rflags ,MOV,3,MOV,5,TEST,2,CALL_NEAR,3,MOV,5,CALL_NEAR,3,TEST,2,JNLE,6,MOV,5,MOV,5,0,1,0,0,0,CALL,0,1,1,0,0,0,CALL,0,1,4217005,4218417,4217021,0,0,1,1,c,0.0004285521334331,0.5308379373233838,1,0,1
0x405884,JLE,992707,607303,5296,6,0x405882,TEST,1,Recursive,eax(-1) eax(-1) ,rflags ,TEST,2,CALL_NEAR,3,JS,6,MOV,3,MOV,3,MOV,8,ADD,5,MOV,3,SUB,5,MOV,3,0,1,0,0,0,CALL,0,1,0,1,0,0,CALL,0,1,4216962,4222260,4216970,0,0,1,1,c,0.0001894713718549,0.611764599222127,1,0,1
0x405879,JS,2245335,1252628,1504,6,0x405871,TEST,1,Recursive,eax(-1) eax(-1) ,rflags ,MOV,3,MOV,3,TEST,2,CALL_NEAR,3,MOV,8,CALL_NEAR,3,TEST,2,JLE,6,MOV,8,ADD,5,0,1,0,0,0,CALL,0,1,1,0,0,0,CALL,0,1,4216945,4218457,4216959,0,0,1,1,c,0.0004285521334331,0.5578802272266722,1,0,1
0x405842,JLE,1095536,781831,5390,6,0x405840,TEST,1,Recursive,eax(-1) eax(-1) ,rflags ,TEST,2,CALL_NEAR,3,JS,6,MOV,3,MOV,3,MOV,5,MOV,3,LEA,5,NEG,3,MOV,8,0,1,0,0,0,CALL,0,1,0,1,0,0,CALL,0,1,4216896,4222288,4216904,0,0,1,1,c,0.0002090976580567,0.7136515824217552,1,0,1
0x405837,JS,2245335,1149799,1609,6,0x40582f,TEST,1,Recursive,eax(-1) eax(-1) ,rflags ,MOV,3,MOV,3,TEST,2,CALL_NEAR,3,MOV,3,CALL_NEAR,3,TEST,2,JLE,6,MOV,5,MOV,3,0,1,0,0,0,CALL,0,1,1,0,0,0,CALL,0,1,4216879,4218496,4216893,0,0,1,1,c,0.0004285521334331,0.5120834975627245,1,0,1
0x4057ed,JS,6089133,1884276,-963,6,0x4057eb,TEST,1,Recursive,eax(-1) eax(-1) ,rflags ,TEST,2,CALL_NEAR,3,JMP,5,MOV,2,MOV,2,MOV,3,MOV,3,CALL_NEAR,3,TEST,2,CMOVNS,4,0,0,1,0,0,JMP,0,0,1,0,0,0,CALL,0,1,4216811,4215850,4216819,0,0,0,1,c,0.0011621922510039,0.3094489806676911,0,0,0
0x40571b,JNZ,11492446,11492446,660,6,0x405716,CMP,1,Recursive,rsp(-1) ,rflags ,CMP,5,SUB,3,MOV,3,NOP,9,JMP,5,CMP,5,JNZ,6,TEST,2,MOV,6,MOVSXD,3,0,1,0,0,0,SHR,0,0,1,0,0,0,JNE,0,0,4216592,4217263,4216609,0,0,0,0,c,0.0021934866074171,1.0,1,0,1
0x4054ad,JB,10674903,10373442,-1522,6,0x4054aa,CMP,1,Recursive,rcx(MOV) r9(MOV) ,rflags ,CMP,3,MOV,5,MOV,5,CALL_NEAR,5,MOV,3,ADD,7,POP,1,POP,1,POP,2,POP,2,0,0,0,0,0,MOV,0,0,0,1,0,0,RET,1,0,4215968,4214459,4215987,0,0,1,0,c,0.0020374476213311,0.9717598370683088,1,1,1
0x405424,JLE,5257854,3621781,1851,6,0x405422,TEST,1,Recursive,eax(-1) eax(-1) ,rflags ,TEST,2,CALL_NEAR,3,JS,6,MOV,3,MOV,3,MOV,5,NOP,1,JMP,5,MOV,3,MOV,3,0,1,0,0,0,CALL,0,1,0,1,0,0,JMP,0,0,4215842,4217695,4215850,0,0,1,0,c,0.0010035315661047,0.688832554118087,1,0,1
0x405419,JS,11346987,6089133,975,6,0x405411,TEST,1,Recursive,eax(-1) eax(-1) ,rflags ,MOV,3,MOV,3,TEST,2,CALL_NEAR,3,MOV,3,CALL_NEAR,3,TEST,2,JLE,6,MOV,5,NOP,1,0,1,0,0,0,CALL,0,1,1,0,0,0,CALL,0,1,4215825,4216808,4215839,0,0,1,1,c,0.0021657238171087,0.5366299441428812,1,0,1
0x405402,JNBE,11346987,2245335,1032,6,0x4053f6,CMP,1,Recursive,rdx(MOV) ,rflags ,MOV,3,MOV,5,CMP,4,ADD,3,IMUL,6,MOV,3,MOV,3,CALL_NEAR,3,TEST,2,MOV,3,0,1,0,0,0,CALL,0,1,1,1,0,0,CALL,0,1,4215779,4216842,4215816,0,0,1,1,c,0.0021657238171087,0.1978794018182976,0,0,0
0x40534a,JNZ,159004413,159004413,51,2,0x405315,CMP,0,Recursive,rdi(-1) ,rflags ,JMP,5,MOV,5,MOV,3,MOV,3,JMP,5,MOV,5,TEST,3,JNZ,6,MOV,5,MOV,3,0,1,1,0,0,JMP,0,0,1,0,0,0,JNE,0,0,4215626,4215677,4215628,0,0,0,0,c,0.0303481130505829,1.0,1,1,1
0x404fe6,JNZ,159263766,159263766,-29,2,0x404fde,TEST,0,Recursive,eax(-1) eax(-1) ,rflags ,JS,6,TEST,2,CALL_NEAR,3,MOV,3,MOV,3,MOV,5,TEST,3,JZ,2,MOV,4,TEST,2,0,1,1,0,0,JA,0,0,1,0,0,0,JE,0,0,4214758,4214729,4214760,0,0,0,0,c,0.03039761402993,1.0,1,0,1
0x404fe0,JS,261953013,102689247,7568,6,0x404fde,TEST,1,Recursive,eax(-1) eax(-1) ,rflags ,TEST,2,CALL_NEAR,3,MOV,3,MOV,3,JNBE,6,JNZ,2,MOV,5,TEST,3,JZ,2,MOV,4,0,1,0,0,0,JA,1,0,1,0,0,0,JNE,0,0,4214750,4222320,4214758,0,0,0,0,c,0.0499972265075739,0.3920139945097711,0,0,0
0x404fcf,JNBE,159263766,7133776,-399,6,0x404fcc,CMP,1,Recursive,rbx(-1) r14(ADD) ,rflags ,CMP,3,ADD,3,MOV,8,ADD,3,MOV,4,MOV,3,MOV,3,CALL_NEAR,3,TEST,2,JS,6,0,0,1,0,0,JE,1,0,0,0,1,1,CALL,0,1,4214729,4214336,4214741,0,0,0,1,c,0.03039761402993,0.0447922096731029,0,0,0
0x404fa5,JNLE,268827436,109823023,48,2,0x404fa2,CMP,1,Recursive,eax(-1) ,rflags ,CMP,3,CALL_NEAR,3,MOV,3,MOV,3,JNBE,6,JMP,5,NOP,4,MOV,3,MOV,4,MOV,3,0,1,0,1,0,CALL,0,1,1,0,0,0,JMP,0,0,4214690,4214741,4214695,0,0,1,0,c,0.0513093018294175,0.4085260962724057,0,0,0
0x404f93,JNBE,274299530,5472094,-339,6,0x404f90,CMP,1,Recursive,rbx(-1) r14(-1) ,rflags ,CMP,3,NOP,10,MOV,5,MOV,3,MOV,8,MOV,3,MOV,3,CALL_NEAR,3,CMP,3,JNLE,2,1,1,1,0,0,JE,1,0,1,0,0,0,CALL,0,1,4214672,4214336,4214681,0,0,0,1,c,0.052353723957094,0.0199493378643412,0,0,0
0x404f4d,JNZ,12605870,0,1141,6,0x404f4b,TEST,1,Recursive,ebx(MOV) ebx(MOV) ,rflags ,TEST,2,MOV,4,LEA,5,MOV,8,JNZ,6,MOV,4,MOV,4,MOV,4,MOV,4,MOV,5,0,1,0,0,0,JNE,0,0,1,0,0,0,MOV,0,0,4214599,4215746,4214611,0,0,0,1,c,0.0024059984288672,0.0,0,0,0
0x404f34,JNZ,12605870,11346987,1199,6,0x404f2b,CMP,1,Recursive,rax(MOV) ,rflags ,LEA,5,CMP,4,IMUL,6,SHR,3,MOV,3,MOV,8,LEA,5,MOV,4,TEST,2,JNZ,6,0,1,0,0,0,JA,0,0,1,0,0,0,LEA,0,0,4214554,4215779,4214586,1,0,1,0,c,0.0024059984288672,0.9001351751207969,1,1,1
0x404f14,JBE,21936900,9331030,5740,6,0x404f0e,CMP,1,Recursive,rsp(-1) ,rflags ,CMP,6,MOV,4,SETNZ,3,CMP,6,XOR,2,MOV,5,MOV,3,SHR,3,IMUL,6,CMP,4,0,1,0,0,0,JAE,1,0,1,0,0,0,JNE,0,0,4214542,4220288,4214554,0,0,1,0,c,0.0041869499633279,0.4253577305818051,0,0,0
0x404efd,JNZ,21936900,0,17,2,0x404ef3,TEST,1,Recursive,al(-1) ,rflags ,MOV,8,TEST,2,MOV,4,SETNZ,3,CMP,6,XOR,2,CMP,6,SETNZ,3,MOV,4,CMP,6,0,1,1,0,0,JBE,0,0,1,0,0,0,MOV,0,0,4214515,4214542,4214527,0,0,0,1,c,0.0041869499633279,0.0,0,0,0
0x404ee2,JNZ,21936900,0,17,2,0x404ee0,TEST,1,Recursive,al(OR) ,rflags ,TEST,2,MOV,8,OR,3,MOV,5,MOV,5,XOR,2,CMP,6,SETNZ,3,MOV,4,TEST,2,1,1,1,0,0,JNE,0,0,1,0,0,0,MOV,0,0,4214485,4214515,4214500,0,0,1,1,c,0.0041869499633279,0.0,0,0,0
0x404eb5,JNB,817543,0,1534,6,0x404eb2,CMP,1,Recursive,rcx(MOV) r9(-1) ,rflags ,CMP,3,MOV,5,JB,6,CMP,5,JNZ,6,MOV,3,XOR,2,MOV,5,DIV,3,SUB,3,0,0,1,0,0,RET,1,0,0,0,0,0,MOV,0,0,4214445,4215987,4214459,0,0,0,1,c,0.0001560389860859,0.0,0,0,0
0x404ea7,JB,11492446,10674903,1497,6,0x404ea2,CMP,1,Recursive,rsp(-1) rax(-1) ,rflags ,CMP,5,JNZ,6,TEST,3,CMOVNLE,4,CMP,3,MOV,5,CMP,3,JNB,6,MOV,3,XOR,2,0,1,0,0,0,CALL,0,1,1,0,0,0,JAE,0,0,4214434,4215936,4214445,1,0,1,0,c,0.0021934866074171,0.9288625763392754,1,0,1
0x404e9c,JNZ,11492446,0,1577,6,0x404e99,TEST,1,Recursive,r8(CMOVNLE) r8(CMOVNLE) ,rflags ,TEST,3,CMOVNLE,4,CMP,3,SUB,5,SUB,3,CMP,5,JB,6,MOV,5,CMP,3,JNB,6,0,1,0,0,0,JNE,0,0,1,1,0,0,JB,0,0,4214399,4216005,4214434,0,0,0,0,c,0.0021934866074171,0.0,0,0,0
0x404e79,JNZ,11492446,11492446,2199,6,0x404e76,TEST,1,Recursive,rdi(CMOVNLE) rdi(CMOVNLE) ,rflags ,TEST,3,CMOVNLE,4,CMP,3,SUB,3,SUB,3,MOV,5,MOV,3,SUB,3,SUB,3,SUB,5,0,1,0,0,0,JNE,0,0,1,1,0,0,JNE,0,0,4214348,4216592,4214399,0,0,0,0,c,0.0021934866074171,1.0,1,0,1
0x404e46,JZ,12605870,1113424,4844,6,0x404e44,TEST,1,Recursive,edx(MOV) edx(MOV) ,rflags ,TEST,2,MOV,4,NOP,4,JMP,5,MOV,3,MOV,5,MOV,5,IMUL,6,LEA,5,MOV,5,0,1,0,0,0,JBE,1,0,1,0,0,0,JNE,0,0,4214336,4219186,4214348,0,0,1,1,c,0.0024059984288672,0.0883258355036185,0,0,0
0x404ce3,JZ,71012,10,25,2,0x404ce0,TEST,1,NonLeaf,rsi(MOV) rsi(MOV) ,rflags ,TEST,3,XOR,2,MOV,3,MOV,8,MOV,5,LEA,4,MOV,5,MOV,5,CALL_NEAR,5,MOV,4,0,1,1,0,0,RET,0,0,1,0,0,0,CALL,0,1,4213963,4214012,4213989,0,0,0,1,c,1.3553587370861192e-05,0.0001408212696445,0,0,0
0x404cc5,JLE,77997,7056,-405,6,0x404cc1,CMP,1,NonLeaf,rax(-1) ,rflags ,CMP,4,ADD,4,JZ,2,CMP,5,ADD,5,MOV,3,MOV,5,MOV,8,MOV,3,XOR,2,0,0,0,1,1,JB,0,0,0,1,0,0,JE,1,0,4213953,4213552,4213963,0,0,1,1,c,1.4886767788050758e-05,0.0904650178853032,0,1,0
0x404c78,JZ,77997,77997,73,2,0x404c75,CMP,1,NonLeaf,r13(-1) r8(-1) ,rflags ,CMP,3,MOV,6,ADD,4,JZ,6,CMP,4,TEST,3,JZ,2,MOV,5,PXOR,4,XOR,2,0,0,1,0,0,JLE,0,0,0,0,0,0,JE,0,0,4213877,4213953,4213882,0,0,0,0,c,1.4886767788050758e-05,1.0,1,1,1
0x404c1f,JZ,77997,77997,262,6,0x404c18,CMP,1,NonLeaf,r8(-1) ,rflags ,MOV,3,CMP,4,JZ,6,TEST,3,JLE,6,ADD,4,CMP,4,JZ,6,ADD,4,CMP,4,0,1,0,0,0,JMP,0,0,1,0,0,0,JE,0,0,4213784,4214053,4213797,0,0,0,0,c,1.4886767788050758e-05,1.0,1,0,1
0x404c12,JZ,77997,0,254,6,0x404c0f,TEST,1,NonLeaf,r8(-1) r8(-1) ,rflags ,TEST,3,JLE,6,TEST,3,JZ,6,CMP,5,CMP,4,MOV,3,JZ,6,ADD,4,CMP,4,0,1,0,0,0,JMP,0,0,1,0,0,0,JE,0,0,4213775,4214032,4213784,0,0,0,0,c,1.4886767788050758e-05,0.0,0,0,0
0x404c09,JLE,77997,0,-217,6,0x404c06,TEST,1,NonLeaf,r13(-1) r13(-1) ,rflags ,TEST,3,JZ,6,CMP,5,MOV,3,MOV,4,TEST,3,JZ,6,CMP,4,MOV,3,JZ,6,0,0,0,1,1,JB,0,0,1,0,0,0,JE,0,0,4213766,4213552,4213775,0,0,1,0,c,1.4886767788050758e-05,0.0,0,0,0
0x404c00,JZ,78068,71,203,6,0x404bfb,CMP,1,NonLeaf,rsp(-1) rdi(MOV) ,rflags ,CMP,5,MOV,3,MOV,4,MOV,5,JNBE,2,TEST,3,JLE,6,TEST,3,JZ,6,CMP,4,0,1,1,0,0,JE,1,0,1,0,0,0,JLE,0,0,4213755,4213963,4213766,0,0,1,0,c,1.490031908506156e-05,0.0009094635446021,0,0,0
0x404bed,JNBE,78068,76071,14,2,0x404be8,CMP,1,NonLeaf,rsp(-1) rdi(-1) ,rflags ,CMP,5,NOP,5,JB,2,CMP,3,MOV,4,MOV,5,MOV,4,MOV,3,CMP,5,JZ,6,0,1,1,0,0,JE,0,0,1,0,0,0,MOV,0,0,4213736,4213755,4213743,0,0,0,1,c,1.490031908506156e-05,0.9744197366398524,1,0,1
0x404be1,JB,56476836,56456178,-113,2,0x404bde,CMP,1,NonLeaf,rax(ADD) rdi(MOV) ,rflags ,CMP,3,MOV,4,MOV,8,MOV,4,MOV,3,NOP,5,CMP,5,JNBE,2,MOV,5,MOV,4,0,0,0,1,1,JLE,0,0,1,0,0,0,NOP,1,0,4213651,4213616,4213731,0,0,0,0,c,0.0107793574488227,0.9996342217187946,1,1,1
0x404b91,JNZ,63263566,7644782,-41,2,0x404b8d,CMP,1,NonLeaf,si(-1) ,rflags ,CMP,4,JNS,2,ADD,3,MOV,4,SUB,3,MOV,3,LEA,4,MOV,3,SAR,4,MOV,3,0,0,0,0,0,JAE,0,0,0,0,0,0,JB,0,0,4213645,4213608,4213651,0,0,0,1,c,0.0120746953919512,0.1208402005033987,0,0,0
0x404b8b,JNS,291125514,227861948,-43,2,0x404b88,ADD,1,NonLeaf,rdx(ADD) r9(MOV) ,rdx rflags ,ADD,3,MOV,4,SUB,3,MOV,4,MOV,4,CMP,4,JNZ,2,MOV,3,LEA,4,MOV,3,0,1,0,0,0,JE,0,0,1,0,0,0,JNE,0,0,4213625,4213600,4213645,0,0,0,0,c,0.0555651874315027,0.7826931582506369,1,1,1
0x404b77,JLE,309027698,17902184,-15,2,0x404b74,TEST,1,NonLeaf,si(MOVZX) si(MOVZX) ,rflags ,TEST,3,MOVZX,4,JNB,2,CMP,3,ADD,3,MOV,4,MOV,4,SUB,3,MOV,4,ADD,3,1,1,0,0,0,JAE,0,0,1,0,0,0,JNS,0,0,4213616,4213608,4213625,0,0,0,0,c,0.0589820580304611,0.0579306777866882,0,0,0
0x404b6e,JNB,252550862,57410,122,2,0x404b6b,CMP,1,NonLeaf,rax(ADD) rdi(-1) ,rflags ,CMP,3,ADD,3,JZ,2,CMP,4,JZ,2,MOVZX,4,TEST,3,JLE,2,MOV,4,MOV,4,0,0,1,0,0,JA,1,0,0,0,1,1,JLE,0,0,4213608,4213736,4213616,0,0,0,0,c,0.0482027005816384,0.0002273205466231,0,0,0
0x404b66,JZ,192337483,858052,45,2,0x404b62,CMP,1,NonLeaf,si(-1) ,rflags ,CMP,4,JZ,2,JMP,5,JB,2,MOV,4,ADD,3,CMP,3,JNB,2,MOVZX,4,TEST,3,0,0,0,0,0,JB,0,0,0,0,0,0,JAE,0,0,4213602,4213651,4213608,0,0,1,0,c,0.0367101740625813,0.0044611793115749,0,0,0
0x404b60,JZ,227861948,35524465,8,2,0x404b52,CMP,0,NonLeaf,rax(-1) rdi(-1) ,rflags ,JMP,5,JB,2,MOV,4,CMP,3,CMOVB,4,CMP,4,JZ,2,ADD,3,CMP,3,JNB,2,0,0,0,0,0,JAE,0,0,1,0,0,0,JE,0,0,4213600,4213608,4213602,1,0,0,0,c,0.0434904920395514,0.1559034551920885,0,0,0
0x404b59,JB,78068,78068,23,2,0x404b52,CMP,1,NonLeaf,rax(ADD) rdi(CMOVB) ,rflags ,MOV,4,CMP,3,CMOVB,4,MOV,3,CMP,3,JMP,5,JZ,2,CMP,4,JZ,2,ADD,3,1,1,0,1,0,JLE,0,0,1,0,0,0,JMP,0,0,4213552,4213616,4213595,0,0,0,0,c,1.490031908506156e-05,1.0,1,1,1
0x404aa7,JNZ,4057114,3987224,-116,2,0x404a98,CMP,1,NonLeaf,rax(ADD) ,rflags ,MOV,8,MOV,3,CMP,4,SUB,4,MOV,4,MOV,3,MOV,4,MOV,7,MOV,3,MOV,5,0,0,0,1,1,JL,0,0,0,1,0,0,NOP,1,0,4213354,4213299,4213417,0,0,0,1,c,0.0007743543214181,0.9827734690225614,1,1,1
0x404a68,JNZ,3904465,875,-63,2,0x404a63,CMP,1,NonLeaf,rdx(-1) ,rflags ,CMP,5,JNS,2,ADD,3,SUB,3,MOV,3,ADD,4,MOV,3,ADD,4,LEA,4,SAR,4,0,0,0,0,0,JE,0,0,0,0,0,0,JNE,0,0,4213347,4213289,4213354,0,1,0,1,c,0.0007452192237082,0.0002241024058353,0,1,0
0x404a61,JNS,4258142,353677,-65,2,0x404a5e,ADD,1,NonLeaf,rdi(ADD) rsi(SUB) ,rdi rflags ,ADD,3,SUB,3,MOV,3,JLE,2,MOV,3,CMP,5,JNZ,2,ADD,4,MOV,3,ADD,4,0,1,0,0,0,JE,0,0,1,0,0,0,JNE,0,0,4213336,4213280,4213347,0,0,0,0,c,0.0008127231965658,0.0830589961537215,0,0,0
0x404a56,JLE,4258142,0,-45,2,0x404a3f,CMP,1,NonLeaf,rsi(MOV) ,rflags ,MOV,3,MOV,4,MOV,3,MOV,4,MOV,4,MOV,3,SUB,3,ADD,3,JNS,2,CMP,5,0,1,0,0,0,JE,0,0,1,0,0,0,JNS,0,0,4213304,4213289,4213336,0,0,0,0,c,0.0008127231965658,0.0,0,0,0
0x404a36,JL,4258211,69,115,2,0x404a33,CMP,1,NonLeaf,r10(-1) rax(-1) ,rflags ,CMP,3,JZ,2,CMP,4,ADD,4,JZ,2,MOV,4,MOV,3,CMP,5,MOV,4,MOV,4,1,1,1,0,0,NOP,1,0,1,0,0,0,JLE,0,0,4213299,4213417,4213304,0,0,1,0,c,0.0008127363661361,1.6203988012806318e-05,0,0,0
0x404a31,JZ,201028,1053,120,2,0x404a2d,CMP,1,NonLeaf,rax(ADD) ,rflags ,CMP,4,ADD,4,JZ,2,CMP,5,JZ,2,CMP,3,JL,2,MOV,4,MOV,3,CMP,5,0,0,1,0,0,NOP,1,0,0,0,1,1,JL,0,0,4213289,4213417,4213299,0,0,1,0,c,3.836887514771424e-05,0.0052380762878802,0,0,0
0x404a27,JZ,224474,153524,67,2,0x404a22,CMP,1,NonLeaf,rdx(-1) ,rflags ,CMP,5,JZ,2,NOP,4,JMP,2,MOV,8,ADD,4,CMP,4,JZ,2,CMP,3,JL,2,0,0,0,0,0,JNE,0,0,0,0,0,0,JE,0,0,4213282,4213354,4213289,1,0,1,0,c,4.284385697469013e-05,0.6839277600078405,1,0,1
0x404a20,JZ,353677,129203,9,2,0x4049ec,SUB,0,NonLeaf,rsp(-1) ,rsp rflags ,NOP,4,JMP,2,MOV,8,MOV,8,MOV,8,CMP,5,JZ,2,ADD,4,CMP,4,JZ,2,0,0,0,0,0,JE,0,0,1,0,0,0,JE,0,0,4213280,4213289,4213282,0,0,0,0,c,6.750397285760258e-05,0.3653135488030039,0,0,0
0x404955,JNLE,408504356,188657985,27,2,0x40494f,CMP,0,Leaf,rcx(-1) rsi(-1) ,rflags ,JL,2,CMP,4,MOV,4,MOV,5,MOV,3,MOV,3,MOV,3,MOV,2,CMP,2,SETNLE,3,0,1,0,0,0,NOP,0,0,1,0,0,0,RET,0,0,4213077,4213104,4213079,0,1,0,0,c,0.0779685050473636,0.4618261279936021,0,0,0
0x404953,JL,610286980,201782624,37,2,0x40494f,CMP,1,Leaf,rcx(MOV) rsi(MOV) ,rflags ,CMP,4,MOV,4,MOV,5,MOV,3,MOV,3,JNLE,2,MOV,3,MOV,3,MOV,2,CMP,2,0,1,0,0,0,REPZ RET,0,0,1,0,0,0,JG,0,0,4213056,4213112,4213077,0,0,0,0,c,0.1164814102507888,0.3306356363689751,0,0,0
0x403faa,JZ,71002,71002,-403,6,0x403fa7,TEST,1,NonLeaf,rax(MOV) rax(MOV) ,rflags ,TEST,3,MOV,5,MOV,7,MOV,4,MOV,5,ADD,7,POP,1,POP,1,POP,2,POP,2,0,0,0,1,1,CALL,0,1,0,1,0,0,RET,1,0,4210571,4210199,4210608,0,0,1,0,c,1.3551678737479387e-05,1.0,1,0,1
0x403f27,JLE,71002,68222,201,6,0x403f24,TEST,1,NonLeaf,rbp(-1) rbp(-1) ,rflags ,TEST,3,ADD,4,SETZ,4,CMP,3,MOV,4,MOV,5,MOV,5,SUB,3,XOR,2,CMP,4,0,1,0,0,0,JMP,0,0,1,0,0,0,SUB,0,0,4210442,4210672,4210477,0,0,0,0,c,1.3551678737479387e-05,0.9608461733472295,1,0,1
0x403eff,JNZ,71002,4444,11,2,0x403efc,TEST,1,NonLeaf,rdi(MOV) rdi(MOV) ,rflags ,TEST,3,MOV,5,JZ,6,MOV,5,TEST,3,MOV,3,MOV,3,MOV,3,MOVSXD,4,XOR,3,0,1,1,0,0,JLE,0,0,1,0,0,0,MOV,0,0,4210423,4210442,4210433,0,0,0,0,c,1.3551678737479387e-05,0.0625897862032055,0,0,0
0x403ef1,JZ,71002,0,271,6,0x403ee9,TEST,1,NonLeaf,rax(-1) rax(-1) ,rflags ,MOV,5,TEST,3,CALL_NEAR,5,MOV,9,MOV,5,MOV,5,TEST,3,JNZ,2,MOV,3,MOV,3,0,1,0,0,0,JNE,1,0,1,0,0,0,JNE,0,0,4210409,4210688,4210423,0,0,1,0,c,1.3551678737479387e-05,0.0,0,0,0
0x403ebb,JLE,71002,68222,285,6,0x403eb0,TEST,1,NonLeaf,rbp(-1) rbp(-1) ,rflags ,MOV,4,MOV,4,TEST,3,ADD,9,JZ,6,LEA,5,LEA,5,LEA,5,MOV,3,MOV,3,0,1,0,0,0,JMP,0,0,1,1,0,0,CALL,0,1,4210343,4210648,4210369,0,0,0,1,c,1.3551678737479387e-05,0.9608461733472295,1,0,1
0x403ea1,JZ,71002,0,295,6,0x403e9e,TEST,1,NonLeaf,rbp(-1) rbp(-1) ,rflags ,TEST,3,CALL_NEAR,5,MOV,3,MOV,5,MOV,4,ADD,9,TEST,3,MOV,4,MOV,4,JLE,6,0,0,0,0,0,JMP,1,0,1,0,0,0,JLE,0,0,4210334,4210632,4210343,0,0,1,1,c,1.3551678737479387e-05,0.0,0,0,0
0x403e87,JZ,71012,10,321,6,0x403e84,TEST,1,NonLeaf,rax(MOV) rax(MOV) ,rflags ,TEST,3,MOV,3,MOV,7,MOV,3,LEA,8,MOV,4,MOV,5,MOV,3,CALL_NEAR,5,TEST,3,0,1,0,0,0,JMP,1,0,1,0,0,0,CALL,0,1,4210277,4210632,4210317,0,0,1,1,c,1.3553587370861192e-05,0.0001408212696445,0,0,0
0x403e11,JNZ,10,0,415,6,0x403e0e,TEST,1,NonLeaf,rax(MOV) rax(MOV) ,rflags ,TEST,3,MOV,8,LEA,5,ADD,7,MOV,7,MOV,8,MOV,7,LEA,8,MOV,5,MOV,7,1,1,1,0,0,RET,1,0,1,0,1,0,CALL,0,1,4210190,4210608,4210199,0,0,0,1,c,1.9086333818032434e-09,0.0,0,0,0
0x403df1,JNZ,20290,20280,-33,2,0x403dea,CMP,1,NonLeaf,rax(ADD) rdx(-1) ,rflags ,PADDQ,4,CMP,3,MOVDQA,5,PADDQ,4,PSLLQ,5,MOV,7,ADD,7,LEA,5,MOV,8,TEST,3,1,1,0,0,0,MOVDQA,0,0,1,1,0,0,MOV,1,0,4210132,4210128,4210163,0,0,0,1,c,3.872617131678781e-06,0.999507146377526,1,1,1
0x403d1d,JNZ,4258142,4187199,-149,6,0x403d19,CMP,1,NonLeaf,r13(ADD) ,rflags ,CMP,4,ADD,5,ADD,4,MOV,4,MOV,7,ADD,4,POP,1,POP,1,POP,2,POP,2,0,0,0,1,1,JLE,0,0,0,1,0,0,RET,1,0,4209925,4209800,4209955,0,0,1,0,c,0.0008127231965658,0.98333944711097,1,1,1
0x403d03,JZ,4258201,59,32,2,0x403d00,TEST,1,NonLeaf,rdx(-1) rdx(-1) ,rflags ,TEST,3,JNZ,2,CMP,3,MOV,4,ADD,4,MOV,7,MOV,4,ADD,4,ADD,5,CMP,4,0,1,1,0,0,RET,1,0,1,0,0,0,JNE,0,0,4209920,4209955,4209925,0,0,0,1,c,0.0008127344575027,1.3855616491565334e-05,0,0,0
0x403ca6,JLE,4258201,4258201,90,2,0x403c9e,CMP,1,NonLeaf,rbp(-1) ,rflags ,MOV,4,CMP,4,CMOVNS,4,CMOVNS,4,CMP,5,MOV,5,JMP,2,NOP,1,LEA,5,MOV,3,1,1,1,0,0,JE,0,0,1,0,0,0,JMP,0,0,4209800,4209920,4209832,0,0,0,0,c,0.0008127344575027,1.0,1,0,1
0x403bdd,JL,439389,387651,27,2,0x403bda,CMP,1,Leaf,rdi(-1) r10(SUB) ,rflags ,CMP,3,SUB,4,MOV,3,JZ,2,CMP,5,MOV,3,MOV,3,MOV,7,MOV,4,JMP,5,0,0,0,0,0,JMP,0,0,1,0,0,0,MOV,0,0,4209619,4209656,4209631,0,0,0,1,c,8.386325129971454e-05,0.882250124604849,1,0,1
0x403bd1,JZ,454792,15403,39,2,0x403bcc,CMP,1,Leaf,r9(MOV) ,rflags ,CMP,5,MOV,4,NOP,6,JMP,2,MOV,4,MOV,3,SUB,4,CMP,3,JL,2,MOV,3,0,1,0,0,0,JMP,0,0,1,0,0,0,JL,0,0,4209608,4209656,4209619,0,0,0,0,c,8.680311929770607e-05,0.0338682298721173,0,0,0
0x403bad,JLE,286940,280772,83,2,0x403baa,CMP,1,Leaf,rdi(-1) r10(SUB) ,rflags ,CMP,3,SUB,4,MOV,3,JZ,2,CMP,5,MOV,3,MOV,3,MOV,7,MOV,4,JMP,2,0,0,0,0,0,JMP,0,0,1,0,0,0,MOV,0,0,4209571,4209664,4209583,0,0,0,1,c,5.476632625746227e-05,0.9785042169094584,1,0,1
0x403ba1,JZ,286940,0,95,2,0x403b9c,CMP,1,Leaf,r9(MOV) ,rflags ,CMP,5,MOV,4,NOP,4,RET_NEAR,1,MOV,3,MOV,3,SUB,4,CMP,3,JLE,2,MOV,3,0,1,0,0,0,JMP,0,0,1,0,0,0,JLE,0,0,4209560,4209664,4209571,0,0,0,0,c,5.476632625746227e-05,0.0,0,0,0
0x403b8d,JNZ,25757,24306,-48,2,0x403b8a,CMP,1,Leaf,rdx(-1) rcx(MOV) ,rflags ,CMP,3,MOV,4,MOV,7,MOV,3,MOV,3,NOP,1,MOV,3,RET_NEAR,1,NOP,4,MOV,4,0,0,0,1,1,JL,0,0,1,0,0,0,NOP,1,0,4209529,4209501,4209551,0,0,0,0,c,4.916067001510615e-06,0.9436657995884614,1,1,1
0x403b77,JL,345937,320180,117,2,0x403b74,CMP,1,Leaf,rdi(-1) r9(MOV) ,rflags ,CMP,3,MOV,4,JNZ,2,TEST,3,MOV,4,MOV,3,MOV,3,MOV,7,MOV,4,CMP,3,0,0,0,0,0,JMP,0,0,1,0,0,0,JNE,0,0,4209520,4209644,4209529,0,0,0,1,c,6.602669062008687e-05,0.9255442464957492,1,0,1
0x403b6e,JNZ,800729,454792,90,2,0x403b6b,TEST,1,Leaf,r9d(MOV) r9d(MOV) ,rflags ,TEST,3,MOV,4,JL,2,CMP,4,MOV,4,MOV,4,CMP,3,JL,2,MOV,3,MOV,3,0,1,0,0,0,JE,0,0,1,0,0,0,JL,0,0,4209511,4209608,4209520,0,0,0,0,c,0.0001528298099177,0.5679724351184983,1,0,1
0x403b65,JL,1405905,605176,-53,2,0x403b61,CMP,1,Leaf,rdx(-1) r10(MOV) ,rflags ,CMP,4,MOV,4,JZ,2,CMP,3,NOP,5,MOV,4,TEST,3,JNZ,2,MOV,4,CMP,3,1,1,0,0,0,JE,0,0,1,0,0,0,JNE,0,0,4209501,4209456,4209511,0,0,0,0,c,0.0002683357214644,0.4304529822427547,0,0,0
0x403b5b,JZ,1380148,69551,53,2,0x403b58,CMP,1,Leaf,rdx(MOV) rcx(-1) ,rflags ,CMP,3,NOP,5,MOV,4,MOV,7,MOV,3,MOV,4,CMP,4,JL,2,MOV,4,TEST,3,0,0,1,0,0,RET,1,0,0,0,1,1,JL,0,0,4209496,4209552,4209501,0,0,1,0,c,0.0002634196544628,0.0503938708022617,0,0,0
0x403b40,JLE,318236,257846,124,2,0x403b3d,CMP,1,Leaf,rdi(-1) r9(MOV) ,rflags ,CMP,3,MOV,4,JZ,2,TEST,3,MOV,4,MOV,3,MOV,3,MOV,7,MOV,4,NOP,5,0,0,0,0,0,JMP,0,0,1,0,0,0,NOP,0,0,4209465,4209596,4209474,0,0,0,1,c,6.07395852891537e-05,0.8102351713822447,1,0,1
0x403b37,JZ,605176,286940,97,2,0x403b34,TEST,1,Leaf,r10d(MOV) r10d(MOV) ,rflags ,TEST,3,MOV,4,NOP,1,JMP,2,MOV,6,MOV,4,CMP,3,JLE,2,MOV,3,MOV,3,0,1,0,0,0,JE,0,0,1,0,0,0,JLE,0,0,4209456,4209560,4209465,0,0,0,0,c,0.0001155059115466,0.4741430592092218,0,0,0
0x403b25,JZ,71002,0,107,2,0x403b22,CMP,1,Leaf,rdx(-1) rcx(-1) ,rflags ,CMP,3,XOR,2,INVALID,0,INVALID,0,INVALID,0,MOV,6,JMP,2,NOP,1,MOV,4,TEST,3,0,1,1,0,0,RET,0,0,1,0,0,0,JMP,0,0,4209440,4209552,4209447,0,0,1,0,c,1.3551678737479387e-05,0.0,0,0,0
0x403b04,JLE,68606,66192,-576,6,0x403b01,TEST,1,Leaf,r10(-1) r10(-1) ,rflags ,TEST,3,JMP,5,SUB,3,MOV,3,XOR,3,MOV,3,SAR,4,XOR,3,MOV,3,SUB,3,0,0,0,0,0,SUB,0,0,1,0,0,0,JMP,0,0,4209409,4208836,4209418,1,1,0,0,c,1.3094370179199331e-05,0.9648135731568668,1,0,1
0x403ae6,JNS,2396,366,-555,6,0x403ae3,TEST,1,Leaf,r10(-1) r10(-1) ,rflags ,TEST,3,JMP,5,JNZ,2,CMP,3,MOV,4,MOV,3,SAR,4,XOR,3,MOV,3,SUB,3,0,0,0,0,0,JE,0,0,1,0,0,0,JMP,0,0,4209379,4208827,4209388,0,1,0,0,c,4.573085582800571e-07,0.1527545909849749,0,0,0
0x403adc,JNZ,373637,330210,-28,2,0x403ad9,CMP,1,Leaf,rax(-1) r9(MOV) ,rflags ,CMP,3,MOV,4,ADD,4,JZ,6,CMP,3,JMP,5,TEST,3,JNS,6,MOV,3,SAR,4,0,0,0,1,1,JE,0,0,1,0,0,0,JMP,1,0,4209361,4209344,4209374,1,0,1,0,c,7.131360508768185e-05,0.883772217419581,1,1,1
0x403acb,JZ,391994,18357,-171,6,0x403ac8,CMP,1,Leaf,rax(-1) r9(MOV) ,rflags ,CMP,3,MOV,4,ADD,4,NOP,3,JZ,6,ADD,4,MOV,4,CMP,3,JNZ,2,JMP,5,1,0,1,0,0,RET,1,0,1,0,0,0,JNE,0,0,4209344,4209184,4209361,0,1,0,1,c,7.481728338665806e-05,0.0468297984152818,0,0,0
0x403ab7,JZ,66558,4774,-151,6,0x403aad,CMP,1,Leaf,r9(-1) rsp(-1) ,rflags ,MOV,5,CMP,5,JNZ,2,CMP,3,MOV,4,NOP,3,ADD,4,MOV,4,CMP,3,JZ,6,0,0,1,0,0,RET,0,0,1,0,0,0,NOP,0,0,4209325,4209184,4209341,1,0,0,0,c,1.2703482062606028e-05,0.0717269148712401,0,0,0
0x403aab,JNZ,538618,491454,-11,2,0x403aa8,CMP,1,Leaf,rdx(-1) rax(MOV) ,rflags ,CMP,3,MOV,4,SUB,4,NOP,4,JZ,2,CMP,5,MOV,5,JZ,6,NOP,3,ADD,4,1,1,1,1,1,JNE,0,0,0,1,0,0,JE,1,0,4209312,4209312,4209325,1,0,1,0,c,0.000102802429484,0.91243515812691,1,1,1
0x403a9a,JZ,66558,19394,19,2,0x403a90,CMP,1,Leaf,rax(-1) rsp(-1) ,rflags ,MOV,5,CMP,5,NOP,6,JMP,2,ADD,4,NOP,4,SUB,4,MOV,4,CMP,3,JNZ,2,0,1,1,0,0,JE,1,0,1,0,0,0,NOP,0,0,4209296,4209325,4209308,0,0,0,0,c,1.2703482062606028e-05,0.2913849574806935,0,0,0
0x403a1a,JNZ,4444,0,90,2,0x403a10,CMP,1,Leaf,r9(-1) rsp(-1) ,rflags ,MOV,5,CMP,5,NOP,9,JNZ,2,MOV,5,NOP,4,POP,1,POP,1,POP,2,POP,2,0,1,0,1,0,JNE,0,0,1,0,0,0,NOP,0,0,4209168,4209268,4209180,0,0,1,0,c,8.481966748733614e-07,0.0,0,0,0
0x403a05,JNZ,4444,0,63,2,0x4039fb,CMP,1,Leaf,rax(-1) rsp(-1) ,rflags ,MOV,5,CMP,5,JLE,6,CMP,5,NOP,2,NOP,9,CMP,5,MOV,5,JNZ,2,NOP,4,0,1,0,1,0,JNE,0,0,1,0,0,0,NOP,0,0,4209147,4209220,4209159,0,0,1,0,c,8.481966748733614e-07,0.0,0,0,0
0x4039f5,JLE,71002,66558,155,6,0x4039f0,CMP,1,Leaf,rdx(-1) rsp(-1) ,rflags ,CMP,5,NOP,2,JMP,2,MOV,4,NOP,4,CMP,5,MOV,5,JNZ,2,NOP,9,CMP,5,0,1,0,0,0,JE,0,0,1,0,0,0,JNE,1,0,4209136,4209296,4209147,0,0,0,0,c,1.3551678737479387e-05,0.9374102137967943,1,1,1
0x4039e2,JNZ,44247,10570,-88,2,0x4039df,TEST,1,Leaf,rbx(MOV) rbx(MOV) ,rflags ,TEST,3,XOR,3,MOV,4,NOP,6,JMP,5,NOP,4,MOV,4,JMP,2,NOP,2,CMP,5,0,0,0,0,0,MOV,0,0,1,0,0,0,NOP,0,0,4209112,4209034,4209124,0,0,1,0,c,8.445130124464812e-06,0.2388862521752887,0,0,0
0x4039c0,JNZ,101656,71564,-152,6,0x4039bd,CMP,1,Leaf,r12(SETZ) rdi(-1) ,rflags ,CMP,3,SETZ,4,TEST,3,MOV,8,XOR,3,MOV,3,ADD,4,JMP,5,NOP,6,MOV,4,0,1,0,0,0,SUB,0,0,1,0,0,0,JMP,0,0,4209059,4208936,4209094,0,0,0,0,c,1.940240350605905e-05,0.7039820571338632,1,1,1
0x40399d,JZ,101656,40235,6,2,0x403996,TEST,1,Leaf,rbx(MOV) rbx(MOV) ,rflags ,MOV,4,TEST,3,MOV,4,MOV,4,MOV,4,MOV,4,MOV,4,MOV,4,XOR,3,MOV,8,0,1,1,0,0,JNE,0,0,1,0,0,0,MOV,0,0,4209038,4209059,4209055,0,0,1,1,c,1.940240350605905e-05,0.3957956244589596,0,0,0
0x403988,JZ,57409,14375,96,2,0x403985,TEST,1,Leaf,rbx(MOV) rbx(MOV) ,rflags ,TEST,3,MOV,4,MOV,4,MOV,4,MOV,4,MOV,4,MOV,4,MOV,4,TEST,3,MOV,4,0,0,0,0,0,JMP,0,0,0,0,0,0,MOV,0,0,4209013,4209128,4209034,0,0,1,1,c,1.095727338159424e-05,0.2503962793290251,0,0,0
0x403973,JZ,101656,44247,101,2,0x403970,TEST,1,Leaf,rbx(MOV) rbx(MOV) ,rflags ,TEST,3,MOV,4,MOV,3,MOV,3,MOV,3,MOV,4,MOV,4,MOV,4,MOV,4,TEST,3,1,1,0,0,0,JNE,0,0,1,0,0,0,JE,0,0,4209004,4209112,4209013,0,1,0,1,c,1.940240350605905e-05,0.4352620602817345,0,0,0
0x403954,JZ,101656,71002,156,6,0x40394d,CMP,1,Leaf,rax(-1) r10(-1) ,rflags ,MOV,4,CMP,3,SUB,3,MOV,4,MOV,4,MOV,3,MOV,3,MOV,3,MOV,3,MOV,3,0,0,1,0,0,JLE,1,0,1,0,0,0,MOV,0,0,4208943,4209136,4208986,0,1,0,0,c,1.940240350605905e-05,0.6984536082474226,1,0,1
0x40391b,JNZ,71002,71002,81,2,0x40390e,CMP,1,Leaf,r8(-1) rax(-1) ,rflags ,MOV,3,MOV,3,MOV,4,CMP,3,MOV,4,JMP,5,NOP,6,MOV,4,SUB,3,MOV,4,0,1,0,1,0,JE,0,0,1,0,0,0,JMP,0,0,4208906,4209004,4208925,0,0,0,0,c,1.3551678737479387e-05,1.0,1,1,1
0x403908,JNZ,3012592,2956428,-16,2,0x403905,CMP,1,Leaf,rbx(-1) r10(MOV) ,rflags ,CMP,3,MOV,4,JNZ,2,TEST,3,MOV,4,MOV,4,CMP,3,MOV,4,MOV,3,MOV,3,0,0,0,1,1,JNE,0,0,0,1,0,0,JNE,1,0,4208897,4208888,4208906,0,0,0,0,c,0.0005749933656953,0.9813569178966152,1,1,1
0x4038ff,JNZ,4875530,1862938,-31,2,0x4038fc,TEST,1,Leaf,r11(MOV) r11(MOV) ,rflags ,TEST,3,MOV,4,NOP,4,JZ,2,CMP,3,MOV,4,CMP,3,JNZ,2,MOV,4,CMP,3,1,0,0,0,0,MOV,1,0,1,0,0,0,JNE,0,0,4208888,4208864,4208897,0,0,1,0,c,0.0009305599311983,0.3820995871218103,0,0,0
0x4038f2,JZ,1933940,14838,24,2,0x4038ef,CMP,1,Leaf,r10(-1) rbx(-1) ,rflags ,CMP,3,JNZ,2,TEST,3,MOV,4,MOV,3,NOP,4,MOV,4,TEST,3,JNZ,2,MOV,4,0,1,1,0,0,JNE,1,0,1,0,0,0,NOP,0,0,4208879,4208906,4208884,0,0,0,0,c,0.0003691182442404,0.0076724200337135,0,0,0
0x4038ed,JNZ,4946532,3012592,-13,2,0x4038ea,TEST,1,Leaf,r11(MOV) r11(MOV) ,rflags ,TEST,3,MOV,4,MOV,3,ADD,3,NOP,7,CMP,3,JZ,2,NOP,4,MOV,4,TEST,3,1,1,0,0,0,MOV,0,0,1,1,0,0,JE,0,0,4208870,4208864,4208879,0,0,1,0,c,0.0009441116099357,0.6090311353489677,1,0,1
0x4038be,JZ,68972,68606,579,6,0x4038bb,CMP,1,Leaf,r11(-1) r8(-1) ,rflags ,CMP,3,JZ,6,CMP,3,MOV,4,MOV,5,MOV,3,SAR,4,XOR,3,SUB,3,ADD,3,0,1,0,0,0,JLE,0,0,1,0,0,0,SUB,0,0,4208827,4209409,4208836,0,0,0,0,c,1.316422616097333e-05,0.9946934988111118,1,0,1
0x4038b5,JZ,71002,2396,558,6,0x4038b2,CMP,1,Leaf,r11(MOV) r9(-1) ,rflags ,CMP,3,MOV,4,MOV,5,MOV,5,MOV,5,CMP,3,JZ,6,MOV,3,SAR,4,XOR,3,0,1,0,0,0,JNS,0,0,1,0,0,0,JE,0,0,4208784,4209379,4208827,0,0,0,0,c,1.3551678737479387e-05,0.0337455282949776,0,0,0
0x403849,JZ,1,0,55,2,0x403843,TEST,1,NonLeaf,rax(-1) rax(-1) ,rflags ,MOV,3,TEST,3,CALL_NEAR,5,SUB,4,PUSH,1,MOV,3,CALL_NEAR,5,MOV,5,MOV,3,MOV,5,0,1,0,0,0,JMP,0,0,1,0,0,0,CALL,0,1,4208707,4208768,4208715,0,0,0,1,c,1.9086333818032434e-10,0.0,0,0,0
0x4036bd,JL,11971,11970,-117,2,0x4036ba,CMP,1,Leaf,rax(MOV) r9(MOV) ,rflags ,CMP,3,ADD,4,MOV,3,MOV,7,MOV,8,LEA,4,LEA,4,MOV,9,MOV,11,XOR,2,1,1,0,0,0,MOV,0,0,0,1,0,0,RET,1,0,4208203,4208200,4208319,0,0,0,1,c,2.284825021356663e-06,0.9999164647899088,1,1,1
0x40363f,JNLE,1,1,12,2,0x40363c,TEST,1,Leaf,r9(MOV) r9(MOV) ,rflags ,TEST,3,MOV,5,MOV,7,MOV,7,JL,2,JMP,2,NOP,5,MOV,3,LEA,4,LEA,4,0,1,0,1,0,JL,0,0,1,0,0,0,JMP,0,0,4208169,4208203,4208193,0,0,1,0,c,1.9086333818032434e-10,1.0,1,0,1
0x403627,JL,102404,102403,-39,2,0x403624,CMP,1,Leaf,r8(MOV) r9(MOV) ,rflags ,CMP,3,ADD,4,ADD,4,MOV,3,MOV,7,MOV,7,MOV,7,MOV,5,TEST,3,JNLE,2,0,0,0,1,1,JE,0,0,0,1,0,0,JG,1,0,4208153,4208128,4208169,0,0,0,0,c,1.9545169283017932e-05,0.9999902347564548,1,1,1
0x403605,JZ,102404,0,20,2,0x403600,CMP,1,Leaf,rdx(-1) ,rflags ,CMP,5,NOP,4,JLE,2,TEST,3,MOV,7,MOV,6,MOV,5,MOV,7,MOV,3,ADD,4,1,1,1,0,0,JL,0,0,1,0,0,0,MOV,0,0,4208128,4208153,4208135,1,0,0,1,c,1.9545169283017932e-05,0.0,0,0,0
0x4035fa,JLE,1,0,47,2,0x4035f7,TEST,1,Leaf,r9(MOV) r9(MOV) ,rflags ,TEST,3,MOV,7,MOV,7,MOV,4,MOV,5,NOP,4,CMP,5,JZ,2,MOV,6,MOV,5,0,1,1,0,0,JG,0,0,1,0,0,0,NOP,0,0,4208016,4208169,4208124,0,0,0,0,c,1.9086333818032434e-10,0.0,0,0,0
0x403538,JNLE,1755711,1722498,-96,2,0x403535,CMP,1,NonLeaf,rdx(-1) rbp(-1) ,rflags ,CMP,3,MOV,4,MOV,4,JZ,2,CMP,4,MOV,3,ADD,4,JMP,2,NOP,5,LEA,8,0,1,0,0,0,MOV,0,0,1,0,0,0,JMP,0,0,4207925,4207832,4207930,0,0,0,0,c,0.0003351008623399,0.981082877535084,1,0,1
0x40352b,JZ,33213,27777,10,2,0x403527,CMP,1,NonLeaf,rcx(MOV) rax(-1) ,rflags ,CMP,4,MOV,4,JNZ,2,MOV,7,TEST,3,MOV,4,MOV,4,CMP,3,JNLE,2,MOV,3,0,0,1,0,0,JG,0,0,1,0,0,0,MOV,0,0,4207907,4207925,4207917,0,0,0,1,c,6.3391440509831125e-06,0.8363291482250926,1,0,1
0x403521,JNZ,33213,0,20,2,0x403517,TEST,1,NonLeaf,cx(-1) cx(-1) ,rflags ,MOV,7,TEST,3,JZ,2,CMP,4,MOVZX,4,MOV,4,CMP,4,JZ,2,MOV,4,MOV,4,0,0,1,0,0,JG,0,0,1,0,0,0,JE,0,0,4207895,4207925,4207907,0,0,0,0,c,6.3391440509831125e-06,0.0,0,1,0
0x403515,JZ,1755711,1722498,67,2,0x403511,CMP,1,NonLeaf,cx(MOVZX) ,rflags ,CMP,4,MOVZX,4,LEA,4,LEA,4,CALL_NEAR,5,TEST,3,MOV,7,JNZ,2,MOV,4,CMP,4,0,1,0,0,0,JMP,0,0,1,0,0,0,JNE,0,0,4207877,4207960,4207895,0,0,0,0,c,0.0003351008623399,0.981082877535084,1,0,1
0x4034f1,JLE,1755711,9,127,2,0x4034ee,CMP,1,NonLeaf,r14(MOV) r12(ADD) ,rflags ,CMP,3,ADD,4,MOV,7,MOV,2,MOV,5,MOV,7,MOV,3,MOV,3,CALL_NEAR,5,LEA,4,0,1,1,0,0,JMP,1,0,0,0,1,1,CALL,0,1,4207841,4207984,4207859,0,0,1,1,c,0.0003351008623399,5.126128389011631e-06,0,0,0
0x4034c5,JLE,9,0,193,6,0x4034c2,CMP,1,NonLeaf,r14(-1) r15(SUB) ,rflags ,CMP,3,SUB,7,MOV,3,NOP,3,RET_NEAR,1,MOV,3,XOR,3,JMP,2,NOP,5,ADD,4,0,1,0,0,0,JMP,0,0,1,0,0,0,JMP,0,0,4207800,4208006,4207819,0,0,0,0,c,1.717770043622919e-09,0.0,0,0,0
0x40345f,JNZ,2677347,2677338,-119,2,0x40345a,CMP,1,NonLeaf,r15(ADD) rsp(-1) ,rflags ,CMP,5,ADD,4,MOV,7,MOV,4,MOV,4,MOV,5,MOV,7,LEA,5,SUB,7,MOV,7,0,0,0,1,1,JS,0,0,0,1,0,0,CALL,1,1,4207702,4207592,4207713,0,1,0,1,c,0.000511007385887,0.9999966384633744,1,1,1
0x4033f6,JS,2677347,1722498,96,2,0x4033f4,TEST,1,NonLeaf,esi(MOVSXD) esi(MOVSXD) ,rflags ,TEST,2,MOVSXD,4,LEA,4,LEA,4,NOP,7,MOV,3,CALL_NEAR,5,LEA,4,MOV,4,LEA,4,1,1,1,0,0,JNE,0,0,1,0,0,0,CALL,0,1,4207592,4207702,4207608,0,0,0,1,c,0.000511007385887,0.6433600127290187,1,0,1
0x4033d1,JLE,9,0,425,6,0x4033cb,CMP,1,NonLeaf,rsp(-1) ,rflags ,CMP,6,JLE,6,CMP,7,ADD,4,ADD,4,MOV,7,XOR,3,NOP,7,LEA,4,LEA,4,0,1,0,0,0,JMP,0,0,1,0,0,0,NOP,0,0,4207563,4207994,4207575,0,0,0,0,c,1.717770043622919e-09,0.0,0,0,0
0x4033c5,JLE,107748,107739,-133,6,0x4033be,CMP,1,NonLeaf,rbp(ADD) rbx(-1) ,rflags ,CMP,7,ADD,4,ADD,4,MOV,4,LEA,4,CMP,6,JLE,6,MOV,7,XOR,3,NOP,7,0,0,0,1,1,JE,0,0,0,1,0,0,JLE,1,0,4207542,4207424,4207563,0,0,0,0,c,2.0565142962253588e-05,0.9999164717674572,1,1,1
0x4033a0,JS,107739,2722,22,2,0x40339e,TEST,1,NonLeaf,esi(MOVSXD) esi(MOVSXD) ,rflags ,TEST,2,MOVSXD,3,JZ,2,TEST,3,MOV,4,MOV,3,CALL_NEAR,5,LEA,4,LEA,4,MOV,4,0,0,1,0,0,JLE,0,0,1,0,0,0,CALL,0,1,4207515,4207542,4207522,0,0,0,1,c,2.0563425192209965e-05,0.0252647602075385,0,0,0
0x403399,JZ,107748,9,29,2,0x403396,TEST,1,NonLeaf,rax(MOV) rax(MOV) ,rflags ,TEST,3,MOV,4,MOV,4,LEA,4,LEA,4,MOVSXD,3,TEST,2,JS,2,MOV,3,CALL_NEAR,5,0,1,1,0,0,JLE,0,0,1,0,0,0,JS,0,0,4207506,4207542,4207515,0,0,0,0,c,2.0565142962253588e-05,8.35282325425994e-05,0,0,0
0x40337c,JS,107739,764,22,2,0x40337a,TEST,1,NonLeaf,esi(MOVSXD) esi(MOVSXD) ,rflags ,TEST,2,MOVSXD,3,JZ,2,TEST,3,MOV,4,MOV,3,CALL_NEAR,5,LEA,4,LEA,4,MOV,4,0,0,1,0,0,JE,0,0,1,0,0,0,CALL,0,1,4207479,4207506,4207486,0,0,0,1,c,2.0563425192209965e-05,0.0070912111677294,0,1,0
0x403375,JZ,107748,9,29,2,0x403372,TEST,1,NonLeaf,rax(MOV) rax(MOV) ,rflags ,TEST,3,MOV,4,MOV,4,LEA,4,LEA,4,MOVSXD,3,TEST,2,JS,2,MOV,3,CALL_NEAR,5,0,1,1,0,0,JE,0,0,1,0,0,0,JS,0,0,4207470,4207506,4207479,0,0,0,0,c,2.0565142962253588e-05,8.35282325425994e-05,0,0,0
0x403358,JS,107739,73,22,2,0x403356,TEST,1,NonLeaf,esi(MOVSXD) esi(MOVSXD) ,rflags ,TEST,2,MOVSXD,3,JZ,2,TEST,3,MOV,4,MOV,3,CALL_NEAR,5,LEA,4,LEA,4,MOV,4,0,0,1,0,0,JE,0,0,1,0,0,0,CALL,0,1,4207443,4207470,4207450,0,0,0,1,c,2.0563425192209965e-05,0.0006775633707385,0,1,0
0x403351,JZ,107748,9,29,2,0x40334e,TEST,1,NonLeaf,rax(MOV) rax(MOV) ,rflags ,TEST,3,MOV,4,ADD,7,MOV,3,NOP,5,MOVSXD,3,TEST,2,JS,2,MOV,3,CALL_NEAR,5,1,1,1,0,0,JE,0,0,1,0,0,0,JS,0,0,4207424,4207470,4207443,0,0,0,0,c,2.0565142962253588e-05,8.35282325425994e-05,0,0,0
0x403335,JS,9,0,150,6,0x403326,CMP,1,NonLeaf,rbx(-1) ,rflags ,MOV,7,CMP,8,XOR,2,XOR,3,MOV,7,NOP,5,MOV,3,ADD,7,MOV,4,TEST,3,0,1,1,0,0,JLE,0,0,1,0,0,0,NOP,0,0,4207393,4207563,4207419,0,0,0,0,c,1.717770043622919e-09,0.0,0,0,0
0x403311,JS,630,621,-17,2,0x40330a,TEST,1,NonLeaf,rax(MOV) rax(MOV) ,rflags ,LEA,4,TEST,3,SUB,4,MOV,3,MOV,3,MOV,7,MOV,7,XOR,3,XOR,2,CMP,8,1,1,0,0,0,MOV,0,0,1,1,0,0,MOV,1,0,4207363,4207360,4207379,0,0,0,1,c,1.2024390305360434e-07,0.9857142857142858,1,1,1
0x4032fc,JS,9,9,7,2,0x4032e9,TEST,1,NonLeaf,rsi(-1) rsi(-1) ,rflags ,MOV,5,LEA,4,MOV,7,TEST,3,JNZ,6,JMP,2,MOV,3,MOV,3,SUB,4,TEST,3,0,1,0,1,0,JS,0,0,1,0,0,0,JMP,0,0,4207337,4207363,4207358,0,0,0,0,c,1.717770043622919e-09,1.0,1,0,1
0x4032e3,JNZ,9,9,613,6,0x4032e0,SUB,1,NonLeaf,rcx(SUB) rdx(IMUL) ,rcx rflags ,SUB,3,IMUL,7,SUB,3,SAR,4,MOV,3,TEST,3,MOV,7,LEA,4,MOV,5,JS,2,0,1,0,0,0,JMP,0,0,1,1,0,0,JS,0,0,4207223,4207944,4207337,0,0,0,1,c,1.717770043622919e-09,1.0,1,1,1
0x403271,JZ,9,0,562,6,0x40326e,TEST,1,NonLeaf,r13(-1) r13(-1) ,rflags ,TEST,3,MOV,5,MOV,7,JZ,6,TEST,3,MOV,5,MOV,10,SUB,7,ADD,7,MOV,11,0,0,1,0,0,RET,0,0,1,0,0,0,JNE,0,0,4207214,4207779,4207223,1,0,0,1,c,1.717770043622919e-09,0.0,0,0,0
0x40325c,JZ,9,9,604,6,0x403259,TEST,1,NonLeaf,r10(-1) r10(-1) ,rflags ,TEST,3,MOV,7,MOV,7,JS,2,LEA,4,MOV,7,MOV,5,TEST,3,JZ,6,MOV,5,0,1,0,0,0,JLE,0,0,1,0,0,0,MOV,0,0,4207193,4207800,4207202,0,0,0,1,c,1.717770043622919e-09,1.0,1,1,1
0x403249,JS,406,397,-17,2,0x403242,TEST,1,NonLeaf,rdi(MOV) rdi(MOV) ,rflags ,LEA,4,TEST,3,SUB,4,MOV,3,MOV,3,MOV,7,MOV,7,TEST,3,JZ,6,MOV,7,1,1,0,0,0,MOV,0,0,1,1,0,0,MOV,1,0,4207163,4207160,4207179,0,0,0,1,c,7.749051530121168e-08,0.9778325123152708,1,1,1
0x40322f,JS,9,9,12,2,0x403221,TEST,1,NonLeaf,rax(LEA) rax(LEA) ,rflags ,LEA,4,MOV,7,TEST,3,LEA,8,MOV,5,JMP,2,NOP,5,MOV,3,MOV,3,SUB,4,0,1,0,1,0,JS,0,0,1,0,0,0,JMP,0,0,4207008,4207163,4207153,0,0,0,0,c,1.717770043622919e-09,1.0,1,0,1
0x4030f2,JNZ,2721331,1000000,-18,2,0x4030ed,CMP,1,NonLeaf,rbx(-1) ,rflags ,CMP,5,JZ,6,CMP,3,ADD,4,NOP,1,MOVSXD,3,MOV,5,MOV,8,MOV,4,MOV,3,1,1,1,0,0,JE,0,0,1,0,0,0,CALL,0,1,4206829,4206816,4206836,1,0,0,1,c,0.0005194023189536,0.3674672430512863,0,1,0
0x4030e7,JZ,2721331,2,-1807,6,0x4030e4,CMP,1,NonLeaf,rbp(-1) rbx(ADD) ,rflags ,CMP,3,ADD,4,NOP,1,JMP,2,MOV,8,CMP,5,JNZ,2,MOVSXD,3,MOV,5,MOV,8,0,0,1,0,0,JS,1,0,0,0,1,1,JNE,0,0,4206816,4205016,4206829,0,0,1,0,c,0.0005194023189536,7.349344861025726e-07,0,0,0
0x4030cf,JZ,2,0,-1783,6,0x4030cc,CMP,1,NonLeaf,rbx(-1) rbp(-1) ,rflags ,CMP,3,JMP,5,MOV,9,MOV,8,CALL_NEAR,5,MOV,8,JMP,2,NOP,1,ADD,4,CMP,3,0,0,1,0,0,JS,0,0,1,0,0,0,JMP,0,0,4206796,4205016,4206805,0,0,1,0,c,3.817266763606487e-10,0.0,0,0,0
0x40306b,JNZ,2849356,2849338,-123,2,0x40301b,CMP,1,NonLeaf,r11(MOV) ,rflags ,MOV,3,MOV,4,MOV,8,MOV,8,MOV,4,MOV,5,ADD,4,MOV,5,JMP,5,ADD,5,1,1,0,0,0,JLE,0,0,0,1,0,0,JMP,1,0,4206610,4206576,4206701,0,0,0,1,c,0.0005438375978241,0.9999936827830568,1,1,1
0x40300a,JLE,2849338,1506911,99,2,0x403006,CMP,1,NonLeaf,rsi(-1) rdx(LEA) ,rflags ,CMP,4,LEA,5,LEA,4,SAR,3,ADD,3,MOV,3,MOV,3,LEA,5,MOV,4,CMP,4,0,0,1,0,0,JMP,1,0,1,0,0,0,MOV,0,0,4206576,4206701,4206604,0,0,1,0,c,0.000543834162284,0.5288635465501109,1,0,1
0x402feb,JNLE,2726295,1506929,39,2,0x402fe7,CMP,1,NonLeaf,rsi(-1) rdx(LEA) ,rflags ,CMP,4,LEA,5,LEA,4,SAR,3,ADD,3,JMP,2,NOP,1,MOV,3,SHR,4,ADD,3,0,1,0,1,0,JNE,0,0,1,0,0,0,JMP,0,0,4206545,4206610,4206573,0,0,1,0,c,0.0005203497645643,0.5527387901896164,1,1,1
0x402fcb,JZ,2726304,9,162,6,0x402fa4,CMP,1,NonLeaf,rbp(ADD) ,rflags ,MOV,3,MOV,4,MOV,8,MOV,8,MOV,4,MOV,3,SHR,4,ADD,3,SAR,3,LEA,4,0,1,1,0,0,JMP,0,0,1,0,0,0,JG,0,0,4206488,4206701,4206545,0,0,1,0,c,0.0005203514823343,3.3011725764991725e-06,0,0,0
0x402f7e,JNL,3325686,3137606,-166,6,0x402f7b,CMP,1,NonLeaf,r13(-1) rdx(-1) ,rflags ,CMP,3,ADD,4,JNL,6,CMP,5,MOV,4,XOR,3,MOV,5,JMP,5,NOP,7,LEA,5,0,1,0,0,0,MOV,0,0,0,1,0,0,JMP,1,0,4206459,4206296,4206468,0,0,0,0,c,0.0006347515316995,0.9434462543968372,1,1,1
0x402f71,JNL,6088835,2951229,-140,6,0x402f6c,CMP,1,NonLeaf,r11(MOV) rbx(-1) r12(SHL) ,rflags ,CMP,5,MOV,4,LEA,5,SHL,4,ADD,3,ADD,4,CMP,3,JNL,6,XOR,3,MOV,5,0,0,0,0,0,JGE,0,0,1,0,0,0,ADD,0,0,4206421,4206309,4206455,0,0,0,0,c,0.0011621353737291,0.4846951838898574,0,1,0
0x402f53,JLE,6276915,188080,40,2,0x402f40,CMP,1,NonLeaf,r13(-1) rdx(LEA) ,rflags ,MOV,4,MOV,4,MOV,8,CMP,3,MOV,8,MOV,3,SHL,4,ADD,3,SHL,4,LEA,5,1,1,0,0,0,JGE,0,0,1,0,0,0,JGE,0,0,4206324,4206459,4206421,0,0,0,0,c,0.0011980329503741,0.0299637640465101,0,0,0
0x402ee8,JNL,6088835,140419,156,6,0x402ee5,CMP,1,NonLeaf,rsi(-1) r11(MOV) ,rflags ,CMP,3,MOV,4,LEA,5,LEA,4,NOP,4,MOV,3,MOV,3,LEA,4,MOV,4,LEA,5,0,0,1,0,0,JMP,1,0,1,0,0,0,MOV,0,0,4206309,4206468,4206318,0,0,0,0,c,0.0011621353737291,0.0230617187031673,0,0,0
0x402ec6,JNL,328499,0,190,6,0x402ec2,CMP,1,NonLeaf,rsi(-1) rbp(ADD) ,rflags ,CMP,4,ADD,3,JL,6,CMP,3,ADD,4,MOV,6,JMP,2,NOP,4,LEA,4,LEA,5,0,0,1,0,0,JMP,0,0,1,0,0,0,JMP,0,0,4206271,4206468,4206284,0,0,0,0,c,6.269841572889837e-05,0.0,0,0,0
0x402eb9,JL,328499,0,203,6,0x402eb6,CMP,1,NonLeaf,r13(-1) rdi(ADD) ,rflags ,CMP,3,ADD,4,MOVZX,4,SETLE,4,CMOVLE,4,ADD,3,CMP,4,JNL,6,MOV,6,JMP,2,0,1,1,0,0,JMP,0,0,1,0,0,0,JGE,0,0,4206064,4206468,4206271,0,0,0,0,c,6.269841572889837e-05,0.0,0,0,0
0x402ddf,JNZ,2,1,-23,2,0x402ddc,TEST,1,NonLeaf,rax(-1) rax(-1) ,rflags ,TEST,3,CALL_NEAR,5,MOV,3,MOV,3,MOV,3,JMP,5,NOP,10,TEST,4,MOV,5,MOV,5,0,0,0,1,1,CALL,0,1,1,1,0,0,JMP,1,0,4206044,4206024,4206049,0,0,1,0,c,3.817266763606487e-10,0.5,0,1,0
0x402dae,JNZ,10,9,-1334,6,0x402d93,CMP,1,NonLeaf,rsp(-1) ,rflags ,MOV,3,MOV,8,MOV,5,MOV,5,CMP,6,MOV,5,MOV,5,MOV,3,NOP,7,MOV,3,0,0,1,0,0,JE,0,0,1,0,0,0,NOP,0,0,4205971,4204664,4206004,0,0,0,0,c,1.9086333818032434e-09,0.9,1,1,1
0x402d8d,JNLE,59850,59840,-357,6,0x402d88,CMP,1,NonLeaf,rsp(-1) rax(MOV) ,rflags ,CMP,5,MOV,4,ADD,7,ADD,5,NOP,6,CMP,6,MOV,5,MOV,5,MOV,8,MOV,3,0,0,0,1,1,JNE,0,0,1,1,0,0,JNE,1,0,4205944,4205608,4205971,1,0,0,1,c,1.1423170790092412e-05,0.9998329156223892,1,1,1
0x402d51,JNZ,3093831,3093831,-161,6,0x402d4e,CMP,1,NonLeaf,rsi(MOV) rcx(-1) ,rflags ,CMP,3,MOV,5,MOV,3,MOV,4,MOV,8,MOV,7,MOV,4,ADD,4,MOV,3,TEST,3,0,0,0,0,0,JE,0,0,1,0,0,0,JNE,0,0,4205897,4205744,4205911,0,0,0,1,c,0.0005904989124257,1.0,1,1,1
0x402cfa,JL,367527,328499,246,6,0x402cf6,CMP,1,NonLeaf,rsi(-1) rbx(-1) ,rflags ,CMP,4,JNLE,6,CMP,3,MOV,3,MOV,5,MOV,5,MOV,5,ADD,6,MOV,4,MOV,3,0,1,0,0,0,JL,0,0,1,0,0,0,MOV,0,0,4205814,4206064,4205824,0,0,1,1,c,7.014743009140007e-05,0.8938091623200473,1,0,1
0x402cf0,JNLE,3093831,2726304,680,6,0x402ced,CMP,1,NonLeaf,r13(-1) rbp(MOV) ,rflags ,CMP,3,MOV,3,MOV,5,JNS,2,ADD,3,CMP,4,JL,6,MOV,5,MOV,5,ADD,6,0,1,0,0,0,JE,0,0,1,0,0,0,JL,0,0,4205797,4206488,4205814,1,0,1,0,c,0.0005904989124257,0.881206504169103,1,0,1
0x402ce3,JNS,154194120,151100289,-51,2,0x402ce0,ADD,1,NonLeaf,rsi(ADD) r9(-1) ,rsi rflags ,ADD,3,SUB,3,MOV,5,JL,2,CMP,3,MOV,5,MOV,3,CMP,3,JNLE,6,CMP,4,0,0,0,0,0,JE,0,0,1,0,0,0,JG,0,0,4205784,4205744,4205797,0,0,0,0,c,0.0294300044709775,0.9799354800299778,1,1,1
0x402cd6,JL,179071200,24877080,-38,2,0x402cd3,CMP,1,NonLeaf,r10(-1) rdx(ADD) ,rflags ,CMP,3,ADD,4,MOVSXD,4,MOV,4,MOV,3,MOV,5,SUB,3,ADD,3,JNS,2,MOV,5,1,1,0,0,0,JE,0,0,1,0,0,0,JNS,0,0,4205764,4205744,4205784,0,0,0,0,c,0.0341781270039565,0.1389228418640183,0,1,0
0x402cbe,JZ,179071200,59840,186,6,0x402cbb,TEST,1,NonLeaf,rax(MOV) rax(MOV) ,rflags ,TEST,3,MOV,3,ADD,4,MOV,4,NOP,1,MOV,3,MOV,4,MOVSXD,4,ADD,4,CMP,3,0,0,1,0,0,JG,1,0,0,0,1,1,JL,0,0,4205744,4205944,4205764,0,0,1,0,c,0.0341781270039565,0.0003341687552213,0,0,0
0x402ca4,JZ,59850,10,212,6,0x402ca1,TEST,1,NonLeaf,rax(MOV) rax(MOV) ,rflags ,TEST,3,ADD,5,SUB,4,MOVSXD,4,MOV,4,MOV,3,JMP,2,NOP,1,MOV,4,ADD,4,0,0,1,0,0,JG,0,0,1,0,0,0,JMP,0,0,4205703,4205944,4205738,0,0,1,0,c,1.1423170790092412e-05,0.0001670843776106,0,0,0
0x402c81,JZ,59850,0,1023,6,0x402c7b,CMP,1,NonLeaf,r14(-1) ,rflags ,CMP,6,MOV,4,MOV,5,MOV,3,ADD,6,MOV,5,MOV,4,MOV,4,MOVSXD,4,SUB,4,0,1,0,0,0,JMP,0,0,1,0,0,0,JE,0,0,4205691,4206720,4205703,0,0,0,0,c,1.1423170790092412e-05,0.0,0,0,0
0x402c53,JZ,59850,0,40,2,0x402c4d,CMP,1,NonLeaf,rcx(MOV) rax(SUB) ,rflags ,CMP,6,MOV,5,SUB,5,MOV,3,JZ,6,MOV,5,MOV,5,CALL_NEAR,5,MOV,5,ADD,6,0,1,1,0,0,JE,0,0,1,0,0,0,CALL,0,1,4205632,4205691,4205653,0,0,0,1,c,1.1423170790092412e-05,0.0,0,0,0
0x402c3a,JZ,60,0,1110,6,0x402c34,CMP,1,NonLeaf,rsp(-1) ,rflags ,CMP,6,JNZ,2,TEST,3,IDIV,5,CQO,2,MOV,3,SUB,5,MOV,5,CMP,6,JZ,2,0,1,0,0,0,CALL,0,1,0,1,0,0,JE,0,0,4205620,4206736,4205632,1,0,1,0,c,1.145180029081946e-08,0.0,0,0,0
0x402c32,JNZ,59850,59790,14,2,0x402c2f,TEST,1,NonLeaf,rdx(IDIV) rdx(IDIV) ,rflags ,TEST,3,IDIV,5,CQO,2,NOP,3,MOV,3,CMP,6,JZ,6,MOV,3,SUB,5,MOV,5,1,1,1,0,0,JE,0,0,1,0,0,0,JE,0,0,4205608,4205632,4205620,0,0,0,0,c,1.1423170790092412e-05,0.998997493734336,1,0,1
0x402b24,JNZ,1057253,1057243,-116,2,0x402b21,CMP,1,NonLeaf,rbp(ADD) r13(-1) ,rflags ,CMP,3,ADD,4,MOV,7,MOV,4,MOV,4,MOV,8,MOV,7,MOV,5,MOV,7,MOV,3,0,0,0,1,1,JS,0,0,0,1,0,0,CALL,1,1,4205341,4205232,4205350,0,0,0,1,c,0.0002017908368811,0.9999905415260112,1,1,1
0x402abe,JS,1057253,0,95,2,0x402abc,TEST,1,NonLeaf,esi(MOVSXD) esi(MOVSXD) ,rflags ,TEST,2,MOVSXD,3,LEA,4,LEA,5,NOP,3,MOV,3,CALL_NEAR,5,LEA,4,MOV,3,LEA,4,1,1,1,0,0,JNE,0,0,1,0,0,0,CALL,0,1,4205232,4205341,4205248,0,0,0,1,c,0.0002017908368811,0.0,0,0,0
0x402a9e,JLE,10,0,1738,6,0x402a9b,TEST,1,NonLeaf,r13(-1) r13(-1) ,rflags ,TEST,3,JLE,6,CMP,7,ADD,4,ADD,4,MOV,7,XOR,2,NOP,3,LEA,5,LEA,4,0,1,0,0,0,JMP,0,0,1,0,0,0,NOP,0,0,4205211,4206952,4205220,0,0,0,0,c,1.9086333818032434e-09,0.0,0,0,0
0x402a95,JLE,119720,119710,-133,6,0x402a8e,CMP,1,NonLeaf,rbx(ADD) r15(-1) ,rflags ,CMP,7,ADD,4,ADD,4,MOV,4,LEA,4,TEST,3,JLE,6,MOV,7,XOR,2,NOP,3,0,0,0,1,1,JE,0,0,0,1,0,0,JLE,1,0,4205190,4205072,4205211,0,0,0,0,c,2.2850158846948432e-05,0.9999164717674572,1,1,1
0x402a70,JS,119710,0,22,2,0x402a6e,TEST,1,NonLeaf,esi(MOVSXD) esi(MOVSXD) ,rflags ,TEST,2,MOVSXD,3,JZ,2,TEST,3,MOV,4,MOV,3,CALL_NEAR,5,LEA,4,LEA,4,MOV,4,0,0,1,0,0,JLE,0,0,1,0,0,0,CALL,0,1,4205163,4205190,4205170,0,0,0,1,c,2.2848250213566628e-05,0.0,0,0,0
0x402a69,JZ,119720,10,29,2,0x402a66,TEST,1,NonLeaf,rax(MOV) rax(MOV) ,rflags ,TEST,3,MOV,4,MOV,4,LEA,4,LEA,4,MOVSXD,3,TEST,2,JS,2,MOV,3,CALL_NEAR,5,0,1,1,0,0,JLE,0,0,1,0,0,0,JS,0,0,4205154,4205190,4205163,0,0,0,0,c,2.2850158846948432e-05,8.35282325425994e-05,0,0,0
0x402a4c,JS,119710,0,22,2,0x402a4a,TEST,1,NonLeaf,esi(MOVSXD) esi(MOVSXD) ,rflags ,TEST,2,MOVSXD,3,JZ,2,TEST,3,MOV,4,MOV,3,CALL_NEAR,5,LEA,4,LEA,4,MOV,4,0,0,1,0,0,JE,0,0,1,0,0,0,CALL,0,1,4205127,4205154,4205134,0,0,0,1,c,2.2848250213566628e-05,0.0,0,1,0
0x402a45,JZ,119720,10,29,2,0x402a42,TEST,1,NonLeaf,rax(MOV) rax(MOV) ,rflags ,TEST,3,MOV,4,MOV,4,LEA,4,LEA,4,MOVSXD,3,TEST,2,JS,2,MOV,3,CALL_NEAR,5,0,1,1,0,0,JE,0,0,1,0,0,0,JS,0,0,4205118,4205154,4205127,0,0,0,0,c,2.2850158846948432e-05,8.35282325425994e-05,0,0,0
0x402a28,JS,119710,87,22,2,0x402a26,TEST,1,NonLeaf,esi(MOVSXD) esi(MOVSXD) ,rflags ,TEST,2,MOVSXD,3,JZ,2,TEST,3,MOV,4,MOV,3,CALL_NEAR,5,LEA,4,LEA,4,MOV,4,0,0,1,0,0,JE,0,0,1,0,0,0,CALL,0,1,4205091,4205118,4205098,0,0,0,1,c,2.2848250213566628e-05,0.0007267563277921,0,1,0
0x402a21,JZ,119720,10,29,2,0x402a1e,TEST,1,NonLeaf,rax(MOV) rax(MOV) ,rflags ,TEST,3,MOV,4,ADD,7,MOV,3,NOP,2,MOVSXD,3,TEST,2,JS,2,MOV,3,CALL_NEAR,5,1,1,1,0,0,JE,0,0,1,0,0,0,JS,0,0,4205072,4205118,4205091,0,0,0,0,c,2.2850158846948432e-05,8.35282325425994e-05,0,0,0
0x402a08,JS,10,0,147,6,0x4029f2,CMP,1,NonLeaf,r15(-1) ,rflags ,MOV,7,MOV,7,CMP,8,XOR,2,SUB,7,NOP,2,MOV,3,ADD,7,MOV,4,TEST,3,0,1,1,0,0,JLE,0,0,1,0,0,0,NOP,0,0,4205016,4205211,4205070,0,0,0,0,c,1.9086333818032434e-09,0.0,0,0,0
0x4029cf,JNZ,4973,4966,-154,6,0x4029c8,CMP,1,NonLeaf,rbp(-1) rbx(-1) ,rflags ,MOV,4,CMP,3,MOV,4,MOV,4,MOV,4,NOP,3,MOV,8,XOR,2,ADD,7,SUB,7,0,0,0,1,1,JNE,0,0,1,0,0,0,NOP,1,0,4204925,4204853,4205013,0,0,0,0,c,9.49163380770753e-07,0.9985923989543536,1,1,1
0x40293a,JNZ,4973,0,-18,2,0x402935,CMP,1,NonLeaf,rbx(-1) ,rflags ,CMP,5,JZ,6,CMP,3,ADD,4,NOP,6,MOV,4,MOV,5,MOV,8,MOV,4,MOV,3,1,1,0,0,0,JE,0,0,1,0,0,0,CALL,0,1,4204853,4204840,4204860,1,1,0,1,c,9.49163380770753e-07,0.0,0,1,0
0x40291b,JNZ,7,7,26,2,0x402910,CMP,1,NonLeaf,rbx(-1) rbp(-1) ,rflags ,MOV,8,CMP,3,JNZ,6,LEA,4,LEA,4,JMP,5,NOP,6,ADD,4,CMP,3,JZ,6,0,1,0,1,0,JNE,0,0,1,0,0,0,JMP,0,0,4204816,4204853,4204829,0,0,0,0,c,1.3360433672622702e-09,1.0,1,1,1
0x40290a,JNZ,9,2,1986,6,0x4028f5,CMP,1,NonLeaf,rsp(-1) ,rflags ,LEA,4,LEA,4,MOV,7,CMP,6,JZ,6,CMP,3,MOV,8,JNZ,2,JMP,5,NOP,6,0,1,0,0,0,JE,0,0,1,0,0,0,JNE,0,0,4204789,4206796,4204816,0,0,0,0,c,1.717770043622919e-09,0.2222222222222222,0,1,0
0x4028ef,JZ,10,1,233,6,0x4028ec,TEST,1,NonLeaf,rax(MOV) rax(MOV) ,rflags ,TEST,3,MOV,3,CALL_NEAR,5,MOV,3,CALL_NEAR,5,CMP,6,MOV,7,LEA,4,LEA,4,JNZ,6,0,1,1,0,0,JS,0,0,1,0,0,0,JNE,0,0,4204777,4205016,4204789,0,1,1,0,c,1.9086333818032434e-09,0.1,0,0,0
0x4028a2,JNZ,59840,59830,-18,2,0x40289f,TEST,1,NonLeaf,rax(MOV) rax(MOV) ,rflags ,TEST,3,MOV,4,CALL_NEAR,5,MOV,3,MOV,3,MOV,3,CALL_NEAR,5,MOV,5,MOV,5,MOV,5,0,1,0,0,0,MOV,0,0,0,1,0,0,CALL,1,1,4204699,4204688,4204708,0,0,0,1,c,1.1421262156710609e-05,0.9998328877005348,1,1,1
0x402884,JZ,10,0,2268,6,0x402881,TEST,1,NonLeaf,rbx(MOV) rbx(MOV) ,rflags ,TEST,3,MOV,4,MOV,5,MOV,7,MOV,9,MOV,3,JMP,2,NOP,1,MOV,3,MOV,3,0,1,0,0,0,JMP,0,0,1,0,0,0,JMP,0,0,4204664,4206944,4204682,0,0,0,0,c,1.9086333818032434e-09,0.0,0,0,0
0x402830,JNZ,10,10,2372,6,0x40282b,CMP,1,NonLeaf,rax(-1) ,rflags ,CMP,5,JLE,2,MOV,7,CMP,6,JNZ,2,MOV,3,MOV,5,XOR,2,JMP,2,NOP,6,0,1,0,0,0,JMP,0,0,1,0,0,0,JMP,0,0,4204587,4206964,4204598,0,1,1,0,c,1.9086333818032434e-09,1.0,1,0,1
0x402829,JLE,10,0,58,2,0x40281c,CMP,1,NonLeaf,rsp(-1) ,rflags ,MOV,7,CMP,6,JNZ,2,CMP,3,ADD,4,CMP,5,JNZ,6,MOV,3,MOV,5,XOR,2,0,1,0,0,0,MOV,0,0,1,0,0,0,JNE,0,0,4204572,4204643,4204587,0,0,1,0,c,1.9086333818032434e-09,0.0,0,0,0
0x40281a,JNZ,37966787,37966777,-18,2,0x402817,CMP,1,NonLeaf,rdx(ADD) rsi(-1) ,rflags ,CMP,3,ADD,4,ADD,4,MOV,4,MOV,3,CMP,6,MOV,7,JLE,2,CMP,5,JNZ,6,1,1,0,0,0,MOV,0,0,0,1,0,0,JLE,1,0,4204555,4204552,4204572,0,0,0,0,c,0.0072464677068013,0.9999997366118972,1,1,1
0x4027ee,JLE,10,0,46,2,0x4027e8,TEST,1,NonLeaf,r13(-1) r13(-1) ,rflags ,MOV,3,TEST,3,MOV,5,CALL_NEAR,5,MOV,5,MOV,3,LEA,8,MOV,3,XOR,2,JMP,2,0,1,1,0,0,JLE,0,0,1,0,0,0,JMP,0,0,4204515,4204572,4204528,0,0,0,0,c,1.9086333818032434e-09,0.0,0,0,0
0x40278a,JZ,10,0,2556,6,0x40277f,TEST,1,NonLeaf,rax(MOV) rax(MOV) ,rflags ,MOV,8,TEST,3,MOV,7,MOV,9,MOV,9,MOV,7,MOV,7,MOV,5,MOV,5,MOV,5,0,0,0,0,0,JMP,0,0,1,0,0,0,CALL,0,1,4204408,4206982,4204432,0,1,0,1,c,1.9086333818032434e-09,0.0,0,0,0
0x402750,JNLE,2,0,31,2,0x40273c,CMP,1,NonLeaf,r15(-1) ,rflags ,MOV,9,CMP,11,CALL_NEAR,5,MOV,3,MOV,5,MOV,9,JMP,2,CMP,3,JNLE,6,MOV,9,0,0,0,0,0,MOV,0,0,1,0,0,0,JMP,0,0,4204348,4204399,4204370,0,0,1,1,c,3.817266763606487e-10,0.0,0,1,0
0x402729,JNZ,2,0,2653,6,0x402726,TEST,1,NonLeaf,rax(-1) rax(-1) ,rflags ,TEST,3,CALL_NEAR,5,MOV,3,JNL,2,CMP,3,MOV,5,MOV,3,CALL_NEAR,5,CMP,11,MOV,9,0,0,0,0,0,JMP,0,0,1,0,0,0,CALL,0,1,4204326,4206982,4204335,0,0,0,1,c,3.817266763606487e-10,0.0,0,0,0
0x40271c,JNL,2,0,92,2,0x402719,CMP,1,NonLeaf,rdx(-1) rax(ADD) ,rflags ,CMP,3,ADD,3,SAR,3,ADD,3,SHR,4,MOV,3,CALL_NEAR,5,TEST,3,JNZ,6,MOV,5,0,0,0,0,0,JE,0,0,0,0,0,0,CALL,0,1,4204275,4204408,4204318,0,0,1,1,c,3.817266763606487e-10,0.0,0,1,0
0x4026ed,JLE,10,8,1196,6,0x4026ea,CMP,1,NonLeaf,rsi(-1) rdx(-1) ,rflags ,CMP,3,JNLE,2,CMP,6,ADD,7,MOV,3,IMUL,4,MOV,9,MOV,9,MOV,3,SHR,4,0,1,0,0,0,JMP,0,0,1,0,0,0,JGE,0,0,4204266,4205465,4204275,0,0,1,1,c,1.9086333818032434e-09,0.8,1,0,1
0x4026e8,JNLE,10,0,117,2,0x4026e2,CMP,1,NonLeaf,rax(MOV) ,rflags ,CMP,6,ADD,7,MOV,3,MOV,7,MOV,7,CMP,3,JLE,6,IMUL,4,MOV,9,MOV,9,0,1,0,0,0,JG,0,0,1,0,0,0,JLE,0,0,4204222,4204381,4204266,0,0,0,0,c,1.9086333818032434e-09,0.0,0,0,0
0x402148,JNBE,23942,23940,-40,2,0x402145,CMP,1,NonLeaf,rcx(-1) rax(ADD) ,rflags ,CMP,3,ADD,4,MOV,4,ADD,7,AND,4,MOV,7,MOV,7,LEA,4,SHL,4,CALL_NEAR,5,0,0,0,1,1,JE,0,0,0,1,0,0,CALL,1,1,4202817,4202784,4202826,0,0,0,1,c,4.569650042713326e-06,0.9999164647899088,1,1,1
0x40212d,JZ,23942,23,20,2,0x402129,CMP,1,NonLeaf,rsi(-1) rax(-1) ,rflags ,CMP,4,JZ,2,TEST,3,MOV,4,NOP,5,SUB,3,AND,4,ADD,7,MOV,4,ADD,4,0,0,1,0,0,JA,0,0,1,0,0,0,MOV,0,0,4202793,4202817,4202799,1,0,0,1,c,4.569650042713326e-06,0.0009606549160471,0,1,0
0x402127,JZ,23942,0,26,2,0x402124,TEST,1,NonLeaf,rdx(MOV) rdx(MOV) ,rflags ,TEST,3,MOV,4,NOP,5,JNB,2,CMP,3,CMP,4,JZ,2,SUB,3,AND,4,ADD,7,1,1,1,0,0,JA,0,0,1,0,0,0,JE,0,0,4202784,4202817,4202793,0,0,0,0,c,4.569650042713326e-06,0.0,0,0,0
0x402119,JNB,2,0,49,2,0x402116,CMP,1,NonLeaf,rax(LEA) rcx(MOV) ,rflags ,CMP,3,LEA,4,MOV,7,LEA,4,LEA,4,NOP,5,MOV,4,TEST,3,JZ,2,CMP,4,0,1,1,0,0,CALL,0,1,1,0,0,0,NOP,0,0,4202720,4202826,4202779,0,0,1,0,c,3.817266763606487e-10,0.0,0,0,0
0x4020da,JZ,2,0,150,6,0x4020d7,TEST,1,NonLeaf,rax(-1) rax(-1) ,rflags ,TEST,3,CALL_NEAR,5,SHL,4,MOV,7,LEA,4,MOV,7,MOV,7,MOV,7,MOV,7,MOV,7,0,1,0,0,0,CALL,0,1,1,0,0,0,JAE,0,0,4202711,4202864,4202720,0,1,1,1,c,3.817266763606487e-10,0.0,0,0,0
0x402046,JS,472,462,-14,2,0x40203f,TEST,1,NonLeaf,rcx(MOV) rcx(MOV) ,rflags ,LEA,4,TEST,3,SUB,4,MOV,3,NOP,7,MOV,7,MOV,7,MOV,3,CALL_NEAR,5,ADD,4,1,1,0,0,0,MOV,0,0,1,1,0,0,MOV,1,0,4202555,4202552,4202568,0,0,0,1,c,9.008749562111309e-08,0.9788135593220338,1,1,1
0x40202d,JS,10,10,14,2,0x40201a,TEST,1,NonLeaf,rax(LEA) rax(LEA) ,rflags ,MOV,5,LEA,4,MOV,7,TEST,3,LEA,8,JMP,2,NOP,7,MOV,3,SUB,4,TEST,3,0,1,0,1,0,JS,0,0,1,0,0,0,JMP,0,0,4202522,4202555,4202543,0,0,0,0,c,1.9086333818032434e-09,1.0,1,0,1
0x402010,JZ,10,0,10,2,0x40200d,SUB,1,NonLeaf,rcx(SUB) rdx(IMUL) ,rcx rflags ,SUB,3,IMUL,7,MOV,3,SUB,3,SAR,4,LEA,8,TEST,3,MOV,7,LEA,4,MOV,5,0,1,1,0,0,JS,0,0,1,0,0,0,LEA,0,0,4202404,4202522,4202514,0,0,1,0,c,1.9086333818032434e-09,0.0,0,1,0
0x401f9a,JNLE,1726304,1726296,-50,2,0x401f93,CMP,1,NonLeaf,r13(-1) rcx(ADD) ,rflags ,MOV,3,CMP,4,MOV,3,ADD,4,MOV,8,MOV,4,MOV,4,MOV,4,MOV,7,MOV,10,0,1,0,0,0,JE,0,0,1,0,0,0,MOV,1,0,4202368,4202344,4202396,0,0,0,1,c,0.000329488144154,0.9999953658220104,1,1,1
0x401f7b,JNL,1726304,0,5,2,0x401f78,CMP,1,NonLeaf,rcx(-1) r14(-1) ,rflags ,CMP,3,XOR,3,JZ,6,CMP,3,ADD,4,MOV,3,LEA,4,MOV,8,ADD,4,MOV,3,1,1,1,0,0,JG,0,0,1,0,0,0,MOV,0,0,4202357,4202368,4202365,1,0,1,0,c,0.000329488144154,0.0,0,1,0
0x401f6f,JZ,1726296,1,281,6,0x401f6c,CMP,1,NonLeaf,rcx(-1) rax(-1) ,rflags ,CMP,3,ADD,4,NOP,7,JMP,2,XOR,2,XOR,3,CMP,3,JNL,2,MOV,3,LEA,4,0,1,0,0,0,JMP,1,0,0,0,1,1,JGE,0,0,4202344,4202632,4202357,0,0,1,0,c,0.0003294866172473,5.792749331516727e-07,0,0,0
0x401f53,JLE,9,0,322,6,0x401f50,TEST,1,NonLeaf,rax(-1) rax(-1) ,rflags ,TEST,3,JLE,6,MOV,4,MOV,7,TEST,3,LEA,4,XOR,2,JMP,2,NOP,7,ADD,4,0,0,0,0,0,JMP,0,0,1,0,0,0,JMP,0,0,4202320,4202645,4202329,0,0,0,0,c,1.717770043622919e-09,0.0,0,0,0
0x401f4a,JLE,10,1,331,6,0x401f3c,TEST,1,NonLeaf,rsi(MOV) rsi(MOV) ,rflags ,MOV,4,MOV,7,TEST,3,MOV,3,MOV,4,TEST,3,JLE,6,LEA,4,XOR,2,JMP,2,0,1,0,0,0,JMP,0,0,1,0,0,0,JLE,0,0,4202274,4202645,4202320,0,0,0,0,c,1.9086333818032434e-09,0.1,0,0,0
0x401f16,JNLE,10,0,354,6,0x401f01,CMP,1,NonLeaf,rbx(-1) ,rflags ,MOV,7,MOV,3,CMP,11,CALL_NEAR,5,MOV,3,SUB,6,MOV,8,MOV,3,MOV,8,MOV,4,0,1,0,0,0,JMP,0,0,1,0,0,0,SUB,0,0,4202241,4202616,4202268,0,0,0,0,c,1.9086333818032434e-09,0.0,0,0,0
0x401e9b,JNZ,102404,102403,-115,2,0x401e98,CMP,1,NonLeaf,rbp(ADD) r12(-1) ,rflags ,CMP,3,ADD,4,MOV,7,MOV,4,MOV,4,LEA,4,MOV,7,MOV,7,LEA,5,MOV,7,0,0,0,1,1,JS,0,0,0,1,0,0,RET,1,0,4202132,4202024,4202141,0,1,0,1,c,1.9545169283017932e-05,0.9999902347564548,1,1,1
0x401e36,JS,102404,0,94,2,0x401e34,TEST,1,NonLeaf,esi(MOVSXD) esi(MOVSXD) ,rflags ,TEST,2,MOVSXD,3,LEA,4,LEA,5,NOP,4,MOV,3,CALL_NEAR,3,LEA,4,MOV,3,LEA,5,1,1,1,0,0,JNE,0,0,1,0,0,0,CALL,0,1,4202024,4202132,4202040,0,0,0,1,c,1.9545169283017932e-05,0.0,0,0,0
0x401e22,JLE,1,0,123,2,0x401e18,TEST,1,NonLeaf,r12(-1) r12(-1) ,rflags ,MOV,7,TEST,3,CALL_NEAR,5,MOV,3,MOV,7,NOP,4,LEA,5,LEA,4,MOVSXD,3,TEST,2,0,1,1,0,0,RET,0,0,1,0,0,0,NOP,0,0,4202008,4202141,4202020,1,0,1,0,c,1.9086333818032434e-10,0.0,0,0,0
0x401dcf,JNL,11972,11971,-127,6,0x401dc8,CMP,1,NonLeaf,rbp(-1) r12(ADD) ,rflags ,CMP,7,ADD,4,ADD,4,MOV,4,LEA,4,ADD,4,XOR,2,POP,1,POP,1,POP,2,0,0,0,1,1,JE,0,0,0,1,0,0,RET,1,0,4201920,4201808,4201941,0,0,0,0,c,2.285015884694843e-06,0.9999164717674572,1,1,1
0x401dac,JS,11971,0,20,2,0x401daa,TEST,1,NonLeaf,esi(MOVSXD) esi(MOVSXD) ,rflags ,TEST,2,MOVSXD,3,JZ,2,TEST,3,MOV,4,MOV,3,CALL_NEAR,3,LEA,4,LEA,4,MOV,4,0,0,1,0,0,JGE,0,0,1,0,0,0,CALL,0,1,4201895,4201920,4201902,0,0,0,1,c,2.284825021356663e-06,0.0,0,0,0
0x401da5,JZ,11972,1,27,2,0x401da2,TEST,1,NonLeaf,rax(MOV) rax(MOV) ,rflags ,TEST,3,MOV,4,MOV,4,LEA,4,LEA,4,MOVSXD,3,TEST,2,JS,2,MOV,3,CALL_NEAR,3,0,1,1,0,0,JGE,0,0,1,0,0,0,JS,0,0,4201886,4201920,4201895,0,0,0,0,c,2.285015884694843e-06,8.35282325425994e-05,0,0,0
0x401d8a,JS,11971,0,20,2,0x401d88,TEST,1,NonLeaf,esi(MOVSXD) esi(MOVSXD) ,rflags ,TEST,2,MOVSXD,3,JZ,2,TEST,3,MOV,4,MOV,3,CALL_NEAR,3,LEA,4,LEA,4,MOV,4,0,0,1,0,0,JE,0,0,1,0,0,0,CALL,0,1,4201861,4201886,4201868,0,0,0,1,c,2.284825021356663e-06,0.0,0,1,0
0x401d83,JZ,11972,1,27,2,0x401d80,TEST,1,NonLeaf,rax(MOV) rax(MOV) ,rflags ,TEST,3,MOV,4,MOV,4,LEA,4,LEA,4,MOVSXD,3,TEST,2,JS,2,MOV,3,CALL_NEAR,3,0,1,1,0,0,JE,0,0,1,0,0,0,JS,0,0,4201852,4201886,4201861,0,0,0,0,c,2.285015884694843e-06,8.35282325425994e-05,0,0,0
0x401d68,JS,11971,14,20,2,0x401d66,TEST,1,NonLeaf,esi(MOVSXD) esi(MOVSXD) ,rflags ,TEST,2,MOVSXD,3,JZ,2,TEST,3,MOV,4,MOV,3,CALL_NEAR,3,LEA,4,LEA,4,MOV,4,0,0,1,0,0,JE,0,0,1,0,0,0,CALL,0,1,4201827,4201852,4201834,0,0,0,1,c,2.284825021356663e-06,0.0011694929412747,0,1,0
0x401d61,JZ,11972,1,27,2,0x401d5e,TEST,1,NonLeaf,rax(MOV) rax(MOV) ,rflags ,TEST,3,MOV,4,ADD,7,MOV,3,NOP,5,MOVSXD,3,TEST,2,JS,2,MOV,3,CALL_NEAR,3,1,1,1,0,0,JE,0,0,1,0,0,0,JS,0,0,4201808,4201852,4201827,0,0,0,0,c,2.285015884694843e-06,8.35282325425994e-05,0,0,0
0x401d45,JS,1,0,144,6,0x401d3d,CMP,1,NonLeaf,rdi(-1) ,rflags ,CMP,8,SUB,4,PUSH,1,MOV,3,PUSH,1,NOP,5,MOV,3,ADD,7,MOV,4,TEST,3,0,1,1,0,0,RET,0,0,1,0,0,0,NOP,0,0,4201760,4201941,4201803,0,0,0,0,c,1.9086333818032434e-10,0.0,0,0,0
0x401cf6,JNL,51256,51246,-448,6,0x401cf3,CMP,1,Leaf,r12d(MOV) rdx(-1) ,rflags ,CMP,3,MOV,3,NOP,8,RET_NEAR,1,POP,2,JMP,5,MOV,9,MOV,5,POP,1,POP,1,0,0,0,0,0,JE,0,0,1,0,0,0,JMP,0,0,4201712,4201270,4201724,0,0,0,0,c,9.782891261770704e-06,0.999804900889652,1,1,1
0x401c0b,JNL,10,10,-213,6,0x401c07,CMP,1,Leaf,r9(-1) rax(ADD) ,rflags ,CMP,4,ADD,3,JNLE,6,CMP,3,ADD,4,MOV,6,JMP,2,NOP,7,LEA,4,LEA,5,0,0,0,0,0,JE,0,0,1,0,0,0,JMP,0,0,4201476,4201270,4201489,0,0,0,0,c,1.9086333818032434e-09,1.0,1,1,1
0x401bfe,JNLE,10,0,-200,6,0x401bfb,CMP,1,Leaf,r8(ADD) rcx(-1) ,rflags ,CMP,3,ADD,4,MOVZX,4,SETLE,4,CMOVLE,4,ADD,3,CMP,4,JNL,6,MOV,6,JMP,2,0,0,0,0,0,JE,0,0,1,0,0,0,JGE,0,0,4201315,4201270,4201476,0,0,0,0,c,1.9086333818032434e-09,0.0,0,0,0
0x401b5e,JNL,732978,732978,-46,2,0x401b5a,CMP,1,Leaf,r9(MOV) rdx(-1) ,rflags ,CMP,4,MOV,4,JNZ,2,CMP,5,ADD,3,MOV,3,MOV,3,MOV,4,MOV,6,MOV,4,0,1,0,0,0,JE,0,0,1,0,0,0,MOV,0,0,4201302,4201264,4201312,0,0,0,0,c,0.0001398986278927,1.0,1,0,1
0x401b54,JNZ,735054,2076,-30,2,0x401b4f,CMP,1,Leaf,rax(ADD) ,rflags ,CMP,5,ADD,3,MOV,3,JZ,6,CMP,5,MOV,4,CMP,4,JNL,2,MOV,3,MOV,3,1,1,0,0,0,JE,0,0,1,0,0,0,JGE,0,0,4201289,4201270,4201302,0,0,0,0,c,0.0001402948601828,0.0028242822976271,0,1,0
0x401b43,JZ,735054,2,405,6,0x401b3e,CMP,1,Leaf,rbx(ADD) rsp(-1) ,rflags ,CMP,5,ADD,4,ADD,4,JZ,6,NOP,2,MOV,3,ADD,3,CMP,5,JNZ,2,MOV,4,0,0,1,0,0,RET,1,0,0,0,1,1,JNE,0,0,4201270,4201688,4201289,1,0,0,0,c,0.0001402948601828,2.720888533359454e-06,0,0,0
0x401b30,JZ,732978,51256,448,6,0x401b2a,XOR,0,Leaf,ebx(-1) ebx(-1) ,ebx rflags ,NOP,2,JMP,2,XOR,2,MOV,9,XOR,2,ADD,4,ADD,4,CMP,5,JZ,6,MOV,3,0,1,0,0,0,JGE,0,0,0,0,0,0,JE,0,0,4201264,4201712,4201270,0,1,0,0,c,0.0001398986278927,0.06992842895694,0,0,0
0x401b19,JLE,2,0,488,6,0x401b11,TEST,1,Leaf,r8(CMOVLE) r8(CMOVLE) ,rflags ,MOV,5,TEST,3,CMOVLE,4,CMP,3,PUSH,1,XOR,2,MOV,9,XOR,2,JMP,2,NOP,2,0,1,0,0,0,RET,0,0,1,0,0,0,JMP,0,0,4201216,4201729,4201247,0,0,1,1,c,3.817266763606487e-10,0.0,0,0,0
0x401ad5,JL,48560772,8436484,27,2,0x401acf,CMP,0,Leaf,rcx(-1) rsi(-1) ,rflags ,JNLE,2,CMP,4,MOV,4,MOV,5,MOV,3,MOV,2,CMP,2,SETNL,3,MOVZX,3,LEA,4,0,1,0,0,0,NOP,0,0,1,0,0,0,RET,0,0,4201173,4201200,4201175,0,0,0,0,c,0.0092684710485336,0.1737304341043013,0,0,0
0x401ad3,JNLE,58693462,10132690,37,2,0x401acf,CMP,1,Leaf,rcx(MOV) rsi(MOV) ,rflags ,CMP,4,MOV,4,MOV,5,MOV,3,MOV,3,JL,2,MOV,2,CMP,2,SETNL,3,MOVZX,3,0,1,0,0,0,REPZ RET,0,0,1,0,0,0,JL,0,0,4201152,4201208,4201173,0,0,0,0,c,0.01120243008668,0.1726374566216591,0,0,0
0x401a99,JNL,5985,5984,-105,2,0x401a92,CMP,1,NonLeaf,rbx(-1) rbp(ADD) ,rflags ,CMP,7,MOV,4,ADD,3,NEG,3,ADD,4,XOR,2,JMP,5,MOV,5,CALL_NEAR,5,MOV,3,0,0,0,1,1,CALL,0,1,0,1,0,0,JMP,1,0,4201026,4201008,4201115,0,0,1,0,c,1.1423170790092412e-06,0.9998329156223892,1,1,1
0x401a2a,JLE,1,0,113,2,0x401a1b,CMP,1,NonLeaf,rbx(-1) ,rflags ,MOV,7,CMP,8,CALL_NEAR,5,MOV,6,MOV,5,NOP,4,MOV,7,MOV,3,MOV,3,CALL_NEAR,5,0,1,1,0,0,JMP,0,0,1,0,0,0,NOP,0,0,4200987,4201115,4201004,0,0,0,0,c,1.9086333818032434e-10,0.0,0,0,0
0x4019f3,JZ,84449,84449,-195,6,0x4019f0,CMP,1,NonLeaf,eax(-1) ,rflags ,CMP,3,CALL_NEAR,5,MOV,5,XOR,2,LEA,5,JMP,5,NOP,2,MOV,5,MOV,6,MOV,5,0,1,0,0,0,CALL,0,1,1,0,0,0,JMP,1,0,4200944,4200752,4200953,0,0,1,0,c,1.611821804599021e-05,1.0,1,1,1
0x4019ba,JLE,84449,1,70,2,0x4019aa,CMP,1,NonLeaf,rbx(-1) r15(-1) ,rflags ,LEA,5,LEA,4,CMP,7,CALL_NEAR,5,MOV,7,MOV,5,LEA,5,MOV,5,CALL_NEAR,5,LEA,5,0,0,0,0,0,CALL,1,1,0,0,1,1,CALL,0,1,4200874,4200960,4200892,0,0,1,1,c,1.611821804599021e-05,1.184146644720482e-05,0,0,0
0x40191c,JNLE,1,1,160,6,0x401914,CMP,1,NonLeaf,rbx(-1) ,rflags ,CMP,8,XOR,3,JNZ,2,CMP,3,ADD,4,JMP,5,NOP,9,MOV,4,MOV,7,ADD,4,0,1,0,1,0,CALL,0,1,1,0,0,0,JMP,0,0,4200721,4200892,4200738,0,0,1,0,c,1.9086333818032434e-10,1.0,1,0,1
0x40190f,JNZ,1,0,-107,2,0x40190c,CMP,1,NonLeaf,rax(ADD) r15(-1) ,rflags ,CMP,3,ADD,4,NOP,7,MOV,6,XOR,3,XOR,3,CMP,8,JNLE,6,JMP,5,NOP,9,0,0,0,0,0,MOV,0,0,1,0,0,0,JG,0,0,4200712,4200612,4200721,0,0,0,0,c,1.9086333818032434e-10,0.0,0,0,0
0x40189e,JZ,5985,5985,-558,6,0x40189b,CMP,1,NonLeaf,eax(-1) ,rflags ,CMP,3,CALL_NEAR,5,MOV,5,XOR,2,LEA,5,MOV,7,ADD,7,POP,1,POP,1,POP,2,0,1,0,0,0,JG,0,0,0,0,0,0,MOV,1,0,4200603,4200048,4200612,0,0,0,0,c,1.1423170790092412e-06,1.0,1,1,1
0x401866,JL,5985,1,162,6,0x401863,CMP,1,NonLeaf,rax(MOV) r15(-1) ,rflags ,CMP,3,MOV,7,LEA,5,LEA,4,CALL_NEAR,5,MOV,5,LEA,5,MOV,5,CALL_NEAR,5,LEA,5,0,0,0,0,0,JNE,1,0,0,0,1,1,CALL,0,1,4200531,4200712,4200556,1,0,0,1,c,1.1423170790092412e-06,0.0001670843776106,0,0,0
0x40167d,JNLE,5985,0,551,6,0x40167a,CMP,1,NonLeaf,rcx(MOV) rdx(MOV) ,rflags ,CMP,3,MOV,5,MOV,5,NOP,7,JMP,5,MOV,3,MOV,8,NEG,2,MOV,4,MOV,3,0,0,0,0,0,MOV,1,0,1,0,0,0,CALL,0,1,4200048,4200612,4200067,0,1,0,1,c,1.1423170790092412e-06,0.0,0,0,0
0x401651,JLE,1,0,676,6,0x40161b,TEST,1,NonLeaf,r15(-1) r15(-1) ,rflags ,MOV,7,LEA,4,LEA,4,MOV,7,LEA,5,LEA,4,XOR,3,MOV,6,JMP,5,NOP,7,0,1,0,0,0,NOP,0,0,1,0,0,0,JMP,0,0,4199959,4200693,4200023,1,0,0,0,c,1.9086333818032434e-10,0.0,0,0,0
0x401611,JZ,1,0,1169,6,0x40160e,TEST,1,NonLeaf,rcx(MOV) rcx(MOV) ,rflags ,TEST,3,MOV,5,JZ,6,TEST,3,MOV,5,LEA,4,TEST,3,LEA,4,LEA,4,LEA,5,0,0,0,0,0,CALL,0,1,1,0,0,0,JLE,0,0,4199945,4201122,4199959,0,0,1,1,c,1.9086333818032434e-10,0.0,0,0,0
0x401603,JZ,1,0,1183,6,0x401600,TEST,1,NonLeaf,rdx(MOV) rdx(MOV) ,rflags ,TEST,3,MOV,5,JZ,6,TEST,3,JZ,6,MOV,5,TEST,3,JZ,6,LEA,4,TEST,3,0,0,0,0,0,CALL,0,1,1,0,0,0,JE,0,0,4199931,4201122,4199945,0,0,1,0,c,1.9086333818032434e-10,0.0,0,0,0
0x4015f5,JZ,1,0,1197,6,0x4015f2,TEST,1,NonLeaf,rax(-1) rax(-1) ,rflags ,TEST,3,JZ,6,MOV,7,MOV,3,TEST,3,MOV,5,TEST,3,JZ,6,MOV,5,TEST,3,0,0,0,0,0,CALL,0,1,1,0,0,0,JE,0,0,4199922,4201122,4199931,0,0,1,0,c,1.9086333818032434e-10,0.0,0,0,0
0x4015ec,JZ,1,0,1206,6,0x4015df,TEST,1,NonLeaf,r13(-1) r13(-1) ,rflags ,MOV,7,MOV,3,TEST,3,CALL_NEAR,5,MOV,5,TEST,3,JZ,6,MOV,5,TEST,3,JZ,6,0,1,0,0,0,CALL,0,1,1,0,0,0,JE,0,0,4199903,4201122,4199922,0,0,1,0,c,1.9086333818032434e-10,0.0,0,0,0
0x401535,JLE,1,1,907,6,0x40152e,CMP,1,NonLeaf,r15(-1) ,rflags ,CMP,7,MOV,7,MOV,7,JS,2,LEA,4,CVTSI2SD,5,LEA,8,LEA,8,MOVSD_XMM,8,MOV,11,0,1,0,0,0,JMP,0,0,1,0,0,0,MOV,0,0,4199726,4200640,4199739,0,0,1,1,c,1.9086333818032434e-10,1.0,1,0,1
0x40151e,JS,61,60,-14,2,0x401517,TEST,1,NonLeaf,rcx(MOV) rcx(MOV) ,rflags ,LEA,4,TEST,3,SUB,4,MOV,3,NOP,2,MOV,7,MOV,7,CMP,7,JLE,6,CVTSI2SD,5,1,1,0,0,0,MOV,0,0,1,1,0,0,MOV,1,0,4199699,4199696,4199712,0,0,0,1,c,1.1642663628999783e-08,0.9836065573770492,1,1,1
0x40150a,JS,1,1,9,2,0x4014f7,TEST,1,NonLeaf,rax(-1) rax(-1) ,rflags ,MOV,5,LEA,4,MOV,7,TEST,3,JNZ,6,JMP,2,NOP,2,MOV,3,SUB,4,TEST,3,0,1,0,1,0,JS,0,0,1,0,0,0,JMP,0,0,4199671,4199699,4199692,0,0,0,0,c,1.9086333818032434e-10,1.0,1,0,1
0x4014f1,JNZ,1,1,1015,6,0x4014ee,SUB,1,NonLeaf,rsi(SUB) rdx(IMUL) ,rsi rflags ,SUB,3,IMUL,7,MOV,3,SUB,3,SAR,4,TEST,3,MOV,7,LEA,4,MOV,5,JS,2,0,1,0,0,0,JMP,0,0,1,1,0,0,JS,0,0,4199522,4200680,4199671,0,0,0,1,c,1.9086333818032434e-10,1.0,1,1,1
0x40145c,JNZ,1,0,1096,6,0x401459,CMP,1,NonLeaf,eax(-1) ,rflags ,CMP,3,CALL_NEAR,5,MOV,5,XOR,2,LEA,5,MOV,5,MOV,5,MOV,10,MOV,11,LEA,4,0,0,0,0,0,MOV,0,0,1,0,0,0,JNE,0,0,4199513,4200612,4199522,0,0,0,1,c,1.9086333818032434e-10,0.0,0,0,0
0x401426,JZ,1,0,1150,6,0x40141e,TEST,1,NonLeaf,rax(-1) rax(-1) ,rflags ,MOV,5,TEST,3,CALL_NEAR,5,SUB,7,MOV,3,LEA,5,MOV,3,MOV,5,CALL_NEAR,5,LEA,5,0,1,0,0,0,MOV,0,0,1,0,0,0,CALL,0,1,4199454,4200612,4199468,0,0,0,1,c,1.9086333818032434e-10,0.0,0,0,0
0x4013a1,JZ,1,0,7,2,0x40139e,TEST,1,NonLeaf,rdi(MOV) rdi(MOV) ,rflags ,TEST,3,MOV,7,CALL_NEAR,5,JZ,2,TEST,3,CALL_NEAR,5,MOV,11,MOV,11,XOR,2,MOV,11,0,1,1,0,0,RET,0,0,1,0,0,0,CALL,0,1,4199319,4199336,4199331,0,0,1,1,c,1.9086333818032434e-10,0.0,0,1,0
0x401390,JZ,1,0,7,2,0x40138d,TEST,1,NonLeaf,rdi(MOV) rdi(MOV) ,rflags ,TEST,3,MOV,7,CALL_NEAR,5,JZ,2,TEST,3,CALL_NEAR,5,MOV,7,TEST,3,JZ,2,CALL_NEAR,5,0,1,1,0,0,JE,0,0,1,0,0,0,CALL,0,1,4199302,4199319,4199314,0,0,0,1,c,1.9086333818032434e-10,0.0,0,1,0
0x40137f,JZ,1,0,7,2,0x40137c,TEST,1,NonLeaf,rdi(MOV) rdi(MOV) ,rflags ,TEST,3,MOV,7,CALL_NEAR,5,JZ,2,TEST,3,CALL_NEAR,5,MOV,7,TEST,3,JZ,2,CALL_NEAR,5,0,1,1,0,0,JE,0,0,1,0,0,0,CALL,0,1,4199285,4199302,4199297,0,0,0,1,c,1.9086333818032434e-10,0.0,0,1,0
0x40136e,JZ,1,0,7,2,0x40136b,TEST,1,NonLeaf,rdi(MOV) rdi(MOV) ,rflags ,TEST,3,MOV,7,MOV,3,PUSH,1,INVALID,0,CALL_NEAR,5,MOV,7,TEST,3,JZ,2,CALL_NEAR,5,0,1,1,0,0,JE,0,0,1,0,0,0,CALL,0,1,4199264,4199285,4199280,0,0,0,1,c,1.9086333818032434e-10,0.0,0,1,0
0x401306,JNL,2716101,2716101,-55,2,0x401303,CMP,1,NonLeaf,rdx(-1) rcx(NEG) ,rflags ,CMP,3,NEG,3,MOV,7,JNLE,2,CMP,4,MOV,7,MOV,5,MOV,5,MOV,5,CALL_NEAR,5,0,0,0,0,0,JBE,0,0,0,0,0,0,CALL,1,1,4199161,4199119,4199176,0,0,0,1,c,0.0005184041036949,1.0,1,1,1
0x4012f7,JNLE,2779751,63650,-55,2,0x4012f3,CMP,1,NonLeaf,cx(-1) ,rflags ,CMP,4,JS,2,TEST,3,MOVZX,4,ADD,3,MOV,7,NEG,3,CMP,3,JNL,2,MOV,7,0,1,0,0,0,JNE,0,0,1,0,0,0,JGE,0,0,4199155,4199104,4199161,0,0,0,0,c,0.00053055255517,0.0228977343654161,0,1,0
0x4012f1,JS,2779751,0,-34,2,0x4012ee,TEST,1,NonLeaf,cx(MOVZX) cx(MOVZX) ,rflags ,TEST,3,MOVZX,4,ADD,3,MOV,4,SUB,3,CMP,4,JNLE,2,MOV,7,NEG,3,CMP,3,1,1,0,0,0,JBE,0,0,1,0,0,0,JG,0,0,4199128,4199119,4199155,0,0,0,0,c,0.00053055255517,0.0,0,0,0
0x4012d6,JBE,2779751,10,122,2,0x4012d3,CMP,1,NonLeaf,rsi(-1) rax(ADD) ,rflags ,CMP,3,ADD,4,JNLE,2,CMP,7,JNZ,2,MOV,4,MOV,4,SUB,3,MOV,4,ADD,3,0,0,0,0,0,RET,1,0,0,0,1,1,JS,0,0,4199119,4199248,4199128,0,0,0,0,c,0.00053055255517,3.597444519311262e-06,0,0,0
0x4012cd,JNLE,63650,0,59,2,0x4012c6,CMP,1,NonLeaf,rdx(-1) rdi(-1) ,rflags ,CMP,7,JNZ,2,CMP,4,NOP,4,JMP,5,ADD,4,CMP,3,JBE,2,MOV,4,MOV,4,0,0,0,0,0,CALL,1,1,0,0,0,0,JBE,0,0,4199110,4199176,4199119,0,0,1,0,c,1.2148451475177643e-05,0.0,0,0,0
0x4012c4,JNZ,63650,0,11,2,0x4012c0,CMP,1,NonLeaf,cx(-1) ,rflags ,CMP,4,NOP,4,JMP,5,JNBE,2,CMP,3,CMP,7,JNLE,2,ADD,4,CMP,3,JBE,2,0,0,0,0,0,JBE,0,0,1,0,0,0,JG,0,0,4199104,4199119,4199110,0,0,0,0,c,1.2148451475177643e-05,0.0,0,1,0
0x4012b5,JNBE,10,10,35,2,0x4012b2,CMP,1,NonLeaf,rsi(MOV) rax(MOV) ,rflags ,CMP,3,MOV,7,MOV,7,SUB,4,INVALID,0,JMP,5,NOP,4,CMP,4,JNZ,2,CMP,7,0,1,0,1,0,JS,0,0,1,0,0,0,JMP,0,0,4199072,4199128,4199095,0,0,0,0,c,1.9086333818032434e-09,1.0,1,1,1
0x401213,JNL,119623,119623,-52,2,0x401210,CMP,1,NonLeaf,rax(-1) rdx(LEA) ,rflags ,CMP,3,LEA,4,JL,2,CMP,3,NEG,3,MOV,5,XOR,2,CALL_NEAR,5,MOV,3,MOV,5,0,0,0,0,0,JBE,0,0,0,0,0,0,CALL,1,1,4198924,4198879,4198933,0,0,0,1,c,2.283164510314494e-05,1.0,1,1,1
0x40120a,JL,119623,0,11,2,0x401207,CMP,1,NonLeaf,rbp(-1) rdx(NEG) ,rflags ,CMP,3,NEG,3,MOV,3,MOV,8,JB,2,LEA,4,CMP,3,JNL,2,MOV,5,XOR,2,0,1,0,0,0,CALL,1,1,1,0,0,0,JGE,0,0,4198905,4198933,4198924,0,0,1,0,c,2.283164510314494e-05,0.0,0,0,0
0x4011f7,JB,119710,119710,-55,2,0x4011f4,CMP,1,NonLeaf,rax(MOV) r14(-1) ,rflags ,CMP,3,MOV,4,MOV,4,JBE,6,CMP,3,MOV,8,MOV,3,NEG,3,CMP,3,JL,2,1,1,0,0,0,JB,0,0,1,0,0,0,JL,0,0,4198892,4198848,4198905,0,0,0,0,c,2.2848250213566628e-05,1.0,1,1,1
0x4011e6,JBE,119710,10,154,6,0x4011e3,CMP,1,NonLeaf,r13(-1) rbx(ADD) ,rflags ,CMP,3,ADD,4,JNLE,2,CMP,8,SUB,3,MOV,4,MOV,4,CMP,3,JB,2,MOV,8,0,0,0,0,0,RET,1,0,0,0,1,1,JB,0,0,4198879,4199040,4198892,0,0,1,0,c,2.2848250213566628e-05,8.353521009105338e-05,0,0,0
0x4011dd,JNLE,87,0,115,2,0x4011d5,CMP,1,NonLeaf,rax(SUB) r12(-1) ,rflags ,CMP,8,SUB,3,XOR,3,MOV,3,SAR,4,ADD,4,CMP,3,JBE,6,MOV,4,MOV,4,0,1,0,0,0,CALL,0,1,0,0,0,0,JBE,0,0,4198853,4198992,4198879,0,0,1,0,c,1.6605110421688217e-08,0.0,0,0,0
0x4011c3,JB,119710,119623,54,2,0x4011c0,CMP,1,NonLeaf,rax(-1) r15(-1) ,rflags ,CMP,3,NOP,5,JMP,5,JNBE,2,CMP,3,MOV,3,SAR,4,MOV,3,XOR,3,SUB,3,0,0,0,0,0,JL,0,0,1,0,0,0,JG,0,0,4198848,4198905,4198853,0,0,0,0,c,2.2848250213566628e-05,0.9992732436722078,1,0,1
0x4011b4,JNBE,10,10,56,2,0x4011b1,CMP,1,NonLeaf,r13(MOV) rbx(LEA) ,rflags ,CMP,3,LEA,4,MOV,7,MOV,7,MOV,7,JMP,5,NOP,5,CMP,3,JB,2,MOV,3,0,1,0,1,0,JB,0,0,1,0,0,0,JMP,0,0,4198784,4198892,4198838,0,0,0,0,c,1.9086333818032434e-09,1.0,1,1,1
0x400fc9,JNLE,5006700,2772973,23,2,0x400fc3,CMP,1,Leaf,rdx(IDIV) rcx(MOV) ,rflags ,MOV,3,CMP,3,IDIV,7,CQO,2,MOV,7,IMUL,8,LEA,4,RET_NEAR,1,NOP,8,MOV,7,0,1,0,0,0,RET,0,0,1,0,0,0,RET,0,0,4198320,4198368,4198347,1,1,0,0,c,0.0009555954752674,0.5538524377334372,1,0,1
0x400f79,JNLE,71820,71820,-78,2,0x400f77,TEST,1,Leaf,esi(MOV) esi(MOV) ,rflags ,TEST,2,MOV,3,MOV,4,NOP,1,RET_NEAR,1,ADD,4,JMP,2,INVALID,0,INVALID,0,INVALID,0,0,0,0,0,0,JE,0,0,1,0,0,0,JMP,0,0,4198256,4198187,4198267,0,0,0,0,c,1.3707804948110895e-05,1.0,1,1,1
0x400f55,JNZ,71820,71819,-33,2,0x400f52,CMP,1,Leaf,rax(ADD) rcx(-1) ,rflags ,CMP,3,ADD,4,ADD,4,JZ,2,JS,2,CVTSI2SD,5,CVTSI2SD,5,CVTSI2SD,5,MULSD,4,ADDSD,4,0,0,0,1,1,JE,0,0,0,1,0,0,CVTSI2SD,1,0,4198222,4198196,4198231,0,0,0,0,c,1.3707804948110895e-05,0.9999860763018658,1,1,1
0x400f48,JZ,76684,4864,-40,2,0x400f43,TEST,0,Leaf,r9d(-1) r9d(-1) ,rflags ,JS,2,TEST,3,MOV,4,MOV,4,JZ,2,ADD,4,ADD,4,CMP,3,JNZ,2,CVTSI2SD,5,0,1,0,0,0,ADD,0,0,1,0,0,0,ADD,0,0,4198216,4198176,4198218,0,0,0,0,c,1.4636164225019992e-05,0.0634291377601585,0,0,0
0x400f46,JS,148504,71820,42,2,0x400f43,TEST,1,Leaf,r9d(MOV) r9d(MOV) ,rflags ,TEST,3,MOV,4,MOV,4,JZ,2,CMP,5,JZ,2,ADD,4,ADD,4,CMP,3,JNZ,2,0,1,0,0,0,JG,0,0,1,0,0,0,JE,0,0,4198203,4198256,4198216,0,0,0,0,c,2.834396917313089e-05,0.4836233367451382,0,0,0
0x400f39,JZ,2992171,2843667,-14,2,0x400f34,CMP,1,Leaf,rax(-1) ,rflags ,CMP,5,JZ,2,CMP,3,ADD,4,ADD,4,MOV,4,MOV,4,TEST,3,JS,2,JZ,2,1,1,0,0,0,JE,0,0,1,0,0,0,JS,0,0,4198196,4198187,4198203,1,0,0,0,c,0.0005710957454663,0.9503691466831274,1,0,1
0x400f32,JZ,2920351,11,37,2,0x400f2f,CMP,1,Leaf,rax(ADD) rcx(-1) ,rflags ,CMP,3,ADD,4,ADD,4,ADD,4,SUB,3,CMP,5,JZ,2,MOV,4,MOV,4,TEST,3,0,0,1,0,0,CVTSI2SD,1,0,0,0,1,1,JE,0,0,4198187,4198231,4198196,0,0,0,0,c,0.0005573879405182,3.766670513236251e-06,0,0,0
0x400f06,JLE,12,0,91,2,0x400ef1,TEST,1,Leaf,rcx(MOV) rcx(MOV) ,rflags ,MOVAPD,4,MOV,7,MOV,7,TEST,3,XORPD,4,LEA,4,XOR,2,LEA,4,XOR,2,JMP,2,0,1,1,0,0,RET,0,0,1,0,0,0,JMP,0,0,4198125,4198241,4198152,0,1,0,0,c,2.290360058163892e-09,0.0,0,0,0
0x400ee4,JLE,143652,143640,-36,2,0x400edd,CMP,1,Leaf,rcx(MOV) rdi(-1) ,rflags ,CMP,7,ADD,4,MOV,3,MOV,4,ADD,4,MOV,7,XORPD,4,TEST,3,MOV,7,MOV,7,1,1,1,1,1,JLE,0,0,1,1,0,0,MOV,1,0,4198080,4198080,4198118,0,0,1,0,c,2.7417900256279956e-05,0.9999164647899088,1,1,1
0x400eb4,JLE,12,0,57,2,0x400ea5,CMP,1,Leaf,rdi(-1) ,rflags ,MOV,7,CMP,8,JL,2,CMP,3,MOV,7,MOV,5,NOP,5,MOV,7,MOV,7,ADD,4,0,1,1,0,0,JLE,1,0,1,0,0,0,NOP,0,0,4198053,4198125,4198070,0,0,0,0,c,2.290360058163892e-09,0.0,0,0,0
0x400ea3,JL,2992171,2992159,-35,2,0x400ea0,CMP,1,Leaf,rsi(MOV) rcx(MOV) ,rflags ,CMP,3,MOV,7,MOV,4,ADD,4,ADD,4,CMP,8,MOV,7,JLE,2,MOV,5,NOP,5,1,1,1,1,1,JL,0,0,0,1,0,0,JLE,1,0,4198016,4198016,4198053,0,0,1,0,c,0.0005710957454663,0.9999959895340206,1,1,1
0x400e71,JLE,12,0,52,2,0x400e6e,TEST,1,Leaf,rcx(MOV) rcx(MOV) ,rflags ,TEST,3,MOV,7,MOV,7,INVALID,0,INVALID,0,MOV,5,NOP,8,XOR,2,CMP,5,MOV,3,0,1,1,0,0,JLE,1,0,1,0,0,0,NOP,0,0,4197984,4198053,4198003,0,0,0,0,c,2.290360058163892e-09,0.0,0,0,0
0x400e46,JNLE,1161577,1161566,-70,2,0x400e37,CMP,1,NonLeaf,rbp(-1) r13(-1) ,rflags ,LEA,4,LEA,4,CMP,7,CALL_NEAR,3,MOV,7,POP,1,POP,1,POP,2,POP,2,POP,2,0,0,0,1,1,CALL,0,1,0,1,0,0,RET,1,0,4197943,4197888,4197960,0,0,1,0,c,0.0002217024637734,0.999990530115524,1,1,1
0x400df5,JLE,11,0,83,2,0x400de1,CMP,1,NonLeaf,rbp(-1) ,rflags ,MOV,5,MOV,7,CMP,8,JNBE,2,CMP,3,NOP,9,MOV,4,MOV,3,MOV,3,MOV,3,0,1,1,0,0,RET,0,0,1,0,0,0,NOP,0,0,4197857,4197960,4197879,0,0,0,0,c,2.099496719983568e-09,0.0,0,0,0
0x400ddf,JNBE,131692,131681,-23,2,0x400ddc,CMP,1,NonLeaf,rdx(-1) rax(ADD) ,rflags ,CMP,3,ADD,4,MOV,8,MOV,8,NOP,7,CMP,8,MOV,7,MOV,5,JLE,2,NOP,9,1,1,1,1,1,JA,0,0,0,1,0,0,JLE,1,0,4197832,4197832,4197857,1,0,1,0,c,2.5135174731643277e-05,0.9999164717674572,1,1,1
0x400dbf,JNB,11,0,34,2,0x400dbc,CMP,1,NonLeaf,rax(MOV) rdx(MOV) ,rflags ,CMP,3,MOV,7,MOV,7,PUSH,1,MOV,3,NOP,7,MOV,8,MOV,8,ADD,4,CMP,3,0,1,1,0,0,JLE,1,0,1,0,0,0,NOP,0,0,4197792,4197857,4197825,0,0,0,0,c,2.099496719983568e-09,0.0,0,0,0
0x400d62,JNS,9,9,-218,6,0x400d5f,TEST,1,NonLeaf,rbx(-1) rbx(-1) ,rflags ,TEST,3,CALL_NEAR,5,XOR,2,MOV,5,MOV,3,MOV,5,CALL_NEAR,5,MOV,5,CALL_NEAR,5,NOP,4,0,0,0,1,1,CALL,0,1,0,0,0,0,CALL,1,1,4197727,4197512,4197736,0,0,1,1,c,1.717770043622919e-09,1.0,1,1,1
0x400d09,JNZ,10,9,71,2,0x400d03,TEST,1,NonLeaf,rax(-1) rax(-1) ,rflags ,MOV,3,TEST,3,CALL_NEAR,5,MOV,5,JNZ,6,MOV,5,CALL_NEAR,5,MOV,5,MOV,5,MOVSD_XMM,8,0,1,0,0,0,CALL,0,1,1,0,0,0,CALL,1,1,4197635,4197712,4197643,1,0,1,1,c,1.9086333818032434e-09,0.9,1,1,1
0x400cf3,JNZ,9,9,141,6,0x400cee,TEST,0,NonLeaf,rax(-1) rax(-1) ,rflags ,JS,2,TEST,3,CALL_NEAR,5,MOV,5,MOV,7,MOV,5,CALL_NEAR,5,TEST,3,MOV,3,JNZ,2,0,1,0,0,0,CALL,0,1,0,1,0,0,CALL,0,1,4197619,4197760,4197625,1,0,1,1,c,1.717770043622919e-09,1.0,1,1,1
0x400cf1,JS,9,0,119,2,0x400cee,TEST,1,NonLeaf,rax(-1) rax(-1) ,rflags ,TEST,3,CALL_NEAR,5,MOV,5,MOV,7,XOR,2,JNZ,6,MOV,5,CALL_NEAR,5,TEST,3,MOV,3,0,0,0,0,0,CALL,1,1,1,0,0,0,JNE,0,0,4197614,4197736,4197619,0,0,1,0,c,1.717770043622919e-09,0.0,0,0,0
0x400cd9,JZ,10,1,87,2,0x400cd1,CMP,1,NonLeaf,rip(JZ) ,rflags ,CMP,8,CALL_NEAR,5,MOV,5,MOV,5,CALL_NEAR,5,XOR,2,MOV,7,MOV,5,CALL_NEAR,5,TEST,3,0,1,0,0,0,CALL,0,1,1,0,0,0,CALL,0,1,4197585,4197680,4197595,0,0,1,1,c,1.9086333818032434e-09,0.1,0,0,0
0x400c58,JZ,1,1,32,2,0x400c50,CMP,1,NonLeaf,rip(JZ) ,rflags ,CMP,8,INVALID,0,INVALID,0,INVALID,0,INVALID,0,MOV,5,TEST,3,JZ,2,PUSH,1,MOV,5,0,1,0,0,0,JMP,0,0,1,0,0,0,JE,0,0,4197456,4197496,4197466,0,0,0,0,c,1.9086333818032434e-10,1.0,1,0,1
0x400c37,JNZ,1,0,19,2,0x400c30,CMP,1,NonLeaf,rip(JNZ) ,rflags ,CMP,7,INVALID,0,INVALID,0,INVALID,0,INVALID,0,PUSH,1,MOV,3,CALL_NEAR,5,POP,1,MOV,7,0,1,1,0,0,REPZ RET,0,0,1,0,0,0,CALL,0,1,4197424,4197450,4197433,0,0,0,1,c,1.9086333818032434e-10,0.0,0,0,0
0x400c10,JNZ,1,0,4,2,0x400c0d,SAR,1,Leaf,rax(SAR) ,rax rflags ,SAR,3,ADD,3,SHR,4,MOV,3,MOV,3,POP,1,RET_NEAR,1,MOV,5,TEST,3,JZ,2,0,1,0,0,0,JE,0,0,1,0,0,0,RET,0,0,4197360,4197396,4197394,0,0,0,0,c,1.9086333818032434e-10,0.0,0,0,0
0x400bd3,JNBE,1,0,4,2,0x400bcc,CMP,1,Leaf,rax(SUB) ,rflags ,MOV,3,CMP,4,SUB,6,PUSH,1,MOV,5,POP,1,RET_NEAR,1,MOV,5,TEST,3,JZ,2,0,1,0,0,0,JE,0,0,1,0,0,0,RET,0,0,4197312,4197335,4197333,0,0,0,0,c,1.9086333818032434e-10,0.0,0,0,0
0x400b22,JNZ,1,0,89,2,0x400b1a,TEST,1,NonLeaf,rax(-1) rax(-1) ,rflags ,MOV,5,TEST,3,CALL_NEAR,5,MOV,5,MOV,3,CALL_NEAR,5,MOV,5,CALL_NEAR,5,XOR,2,ADD,4,0,1,0,0,0,CALL,0,1,1,0,0,0,CALL,0,1,4197146,4197243,4197156,0,0,1,1,c,1.9086333818032434e-10,0.0,0,0,0
0x400ae9,JNZ,1,0,121,2,0x400ae6,TEST,1,NonLeaf,rax(-1) rax(-1) ,rflags ,TEST,3,CALL_NEAR,5,MOV,5,MOV,4,MOV,10,MOV,7,MOV,5,XOR,2,CALL_NEAR,5,MOV,5,0,1,0,0,0,CALL,0,1,1,0,0,0,CALL,0,1,4197094,4197218,4197099,0,0,1,1,c,1.9086333818032434e-10,0.0,0,0,0
0x400acc,JZ,1,0,112,2,0x400ac9,CMP,1,NonLeaf,ebx(-1) ,rflags ,CMP,3,CALL_NEAR,5,MOV,4,MOV,3,MOV,11,MOV,10,MOV,4,MOV,5,CALL_NEAR,5,TEST,3,0,1,0,0,0,CALL,0,1,1,0,0,0,MOV,0,0,4197065,4197180,4197070,0,0,1,1,c,1.9086333818032434e-10,0.0,0,0,0
0x400a5b,JLE,1,0,298,6,0x400a58,CMP,1,NonLeaf,edi(-1) ,rflags ,CMP,3,SUB,4,MOV,2,PUSH,1,PUSH,1,MOV,5,MOV,3,CALL_NEAR,5,MOV,5,CALL_NEAR,5,0,1,0,0,0,JMP,1,0,1,0,0,0,CALL,0,1,4196944,4197253,4196961,0,0,0,1,c,1.9086333818032434e-10,0.0,0,0,0
0x4008ee,JZ,1,1,7,2,0x4008eb,TEST,1,NonLeaf,rax(MOV) rax(MOV) ,rflags ,TEST,3,MOV,7,SUB,4,INVALID,0,INVALID,0,CALL_NEAR,5,ADD,4,RET_NEAR,1,INVALID,0,INVALID,0,0,1,1,0,0,RET,0,0,1,0,0,0,CALL,0,1,4196576,4196597,4196592,0,0,0,1,c,1.9086333818032434e-10,1.0,1,0,1
